product_id,product_distribution_center_id
13844,7
14086,7
13726,7
14106,7
28405,1
29047,1
29020,8
28810,7
28682,7
28717,7
29110,7
28859,7
28814,7
29070,7
28869,7
28967,7
28709,7
28775,7
28825,7
28649,7
28604,7
28841,7
28874,7
28953,7
28781,7
28516,7
29003,7
29067,7
28792,7
28610,7
29082,7
29095,7
29016,7
28638,7
14245,10
28989,6
28400,3
28746,3
28809,3
28497,3
13720,3
28969,3
28330,3
28427,3
28772,3
13961,3
13684,3
13756,3
13615,3
13737,7
28820,6
13947,6
28887,1
13612,9
13648,3
13796,4
13722,3
28646,1
14102,7
13771,2
28571,2
28344,3
14111,2
13658,2
28883,1
28486,1
13710,1
14208,8
14043,1
14244,2
28928,2
14049,8
14058,1
28569,8
28348,1
13622,1
13646,1
13790,1
28322,1
28474,1
13642,1
28329,1
28343,1
14228,6
13857,9
13748,9
13930,9
14037,9
14073,9
14064,9
14336,9
28439,5
13907,3
13945,8
14282,8
13918,8
28762,8
28318,5
13828,8
13665,8
13998,8
14117,2
29014,8
29041,8
29108,2
28843,2
14090,3
14306,7
28710,10
28551,5
29004,10
29072,10
28766,10
28349,1
28673,6
28737,6
14252,3
13825,1
28976,1
28383,7
14188,1
13908,1
14198,2
14290,2
14285,8
14038,8
13661,1
28415,1
13926,4
29099,1
13801,1
13769,1
28357,4
13929,1
13847,1
14271,1
28467,4
13896,1
13901,1
13987,1
13839,1
28446,6
28934,7
28443,4
14029,3
14108,1
28557,6
28759,3
28689,10
28395,1
14165,5
28854,4
28669,4
14113,4
28370,1
13659,2
13827,8
13943,4
29120,5
29040,5
28981,2
28800,10
28533,10
13789,10
29000,10
29043,5
28398,2
29012,2
28402,2
28573,2
28572,1
13773,9
13867,9
28923,4
13864,1
14181,1
28834,3
28431,3
13927,9
14331,2
13637,4
28654,4
28581,4
28325,4
13978,9
29113,10
13910,8
14127,8
13871,8
13841,8
13837,8
13944,8
13742,6
13725,6
14246,10
13800,8
13711,4
13766,6
28965,3
28562,3
28707,3
28444,3
29066,3
29063,3
28334,3
28399,3
28412,3
28990,3
14289,3
29027,1
14243,1
28830,3
29021,3
13810,3
28911,3
28306,3
28350,3
28893,3
28485,3
28706,3
28437,3
28984,3
28791,3
28362,3
28598,3
28331,3
28475,3
28304,3
28919,3
28313,3
28301,3
28459,3
28732,3
28957,3
29100,3
28478,3
28882,3
28652,3
28643,3
14337,3
28527,3
28323,3
28413,3
28510,3
28948,3
13757,3
13819,3
14002,3
13881,3
14316,3
14278,3
13845,3
13699,3
13740,3
13628,3
14185,3
13792,3
28916,5
14013,5
28877,5
14307,5
13911,5
28782,5
14256,5
28742,5
28597,5
13811,5
28636,5
28526,5
13885,5
28722,5
13795,5
13706,1
13607,3
13973,2
28463,7
29083,7
14007,7
13878,7
28679,3
28570,8
14265,5
14025,3
28629,1
28455,6
13655,5
28394,5
14298,5
13778,6
28785,1
14248,3
28537,1
13793,3
14069,3
14315,3
14158,3
14238,3
29109,9
28805,9
14020,9
28851,3
29111,3
13762,3
13903,3
28392,6
28500,6
28565,6
28359,6
28420,6
28807,6
28422,6
28615,6
28624,6
28865,6
28376,6
28855,6
28675,6
28693,6
14177,6
13931,6
28812,6
14124,6
13914,6
14275,6
13997,6
28339,1
14313,5
28971,3
14050,3
13932,3
28765,3
14182,3
13696,3
13920,9
13840,4
13823,4
13673,4
14324,4
14018,4
28939,4
14274,3
13870,7
28712,7
13802,3
13956,3
14125,3
14044,3
13830,10
28959,9
14045,9
28472,4
28308,4
28909,4
28667,4
28594,4
29075,2
28872,4
28756,4
28374,3
14210,9
14014,9
13732,9
14197,9
14082,9
14062,9
13923,9
13770,9
13850,9
13751,4
28540,4
13979,3
28786,3
28521,3
28849,3
13761,3
28600,8
13794,8
28566,2
14318,5
13887,8
14263,6
14294,4
28361,3
14222,7
29008,2
28589,2
29064,2
28862,2
28921,2
13970,9
28947,10
28464,1
28815,1
28442,1
28587,1
28664,1
28599,1
28522,1
28366,1
28509,1
28351,1
28429,10
28692,10
28842,10
28575,10
28755,10
28949,8
28346,7
28993,7
28458,7
28465,7
28529,7
28355,7
29050,7
28891,7
28977,7
28445,7
28324,7
28932,5
28903,2
28731,2
28602,6
28988,6
28881,6
14191,6
13715,6
28417,6
28991,4
13677,4
28381,4
28796,4
28601,4
13872,4
13972,1
28505,8
14304,5
28749,4
29013,4
28637,1
14295,6
13798,8
13916,8
14279,8
13692,3
28715,4
13614,4
28627,1
13952,1
14232,1
14032,1
14139,1
14234,1
14109,1
14088,5
29042,8
29005,8
29011,2
14083,2
29017,2
14094,2
14229,5
14093,1
13866,2
13638,5
13606,3
14130,5
28340,5
13624,5
13776,5
14115,1
14157,1
28367,5
28406,10
28856,10
28846,4
28798,7
28780,7
14319,8
28904,1
14268,6
14132,2
14183,10
13982,10
28327,10
13609,10
14168,1
28676,1
28454,1
13621,6
28779,1
28345,3
14017,2
28745,5
28845,5
14220,6
28378,7
29031,6
13826,6
29036,6
14174,4
28603,6
28447,6
28920,6
28552,6
29002,6
29103,6
13663,4
29091,6
13832,4
13785,6
14255,7
14033,7
13924,2
13799,3
14303,3
28848,3
13969,3
14202,4
28424,4
28539,10
28484,1
14078,3
13807,8
28783,8
28837,10
28986,6
28801,6
28328,6
28451,6
28404,6
29104,8
28535,6
29049,6
14164,2
14280,6
28726,2
28924,2
13989,9
28777,8
13838,9
28665,9
14162,9
28703,7
28884,7
28936,3
28584,3
14096,3
14211,3
14135,2
28548,1
28873,1
14170,1
29033,1
28411,1
13636,7
13775,7
28906,1
28933,7
29061,7
28574,7
28808,7
28817,7
28751,7
29102,7
28753,7
29087,7
29076,7
28960,7
28694,7
28514,7
14317,6
13704,6
13763,6
14004,4
28480,2
28997,6
14184,1
28724,2
14104,7
14067,7
14051,7
13882,7
13728,7
14175,7
14026,7
14250,7
13976,7
13687,7
13610,7
13611,10
13874,10
13995,6
14167,10
13676,7
13660,8
28672,8
29068,1
28623,1
28450,1
28396,1
13863,3
14141,8
14074,2
28776,1
13734,1
14214,8
14235,1
28725,5
28735,5
14206,1
13950,10
14323,1
29069,1
28941,1
28729,1
28416,10
28341,1
28651,1
28315,1
28354,1
28987,1
13814,1
13820,1
14251,1
14091,1
14145,1
13608,1
13806,1
13639,1
14194,1
13889,1
13613,1
14080,1
13600,1
13818,1
13994,1
13765,1
14205,1
14114,1
13750,1
13768,1
28613,10
28985,8
14006,8
28850,8
28520,8
14199,4
14195,4
28353,4
13630,4
29094,4
14138,4
28697,4
29019,4
14097,4
28691,4
28513,9
28907,9
28966,10
28831,10
28639,10
28888,5
14305,3
14079,3
28608,4
28358,3
28876,3
28802,3
29106,3
29078,3
28506,3
28605,3
28461,3
28671,3
28678,3
28319,3
28498,3
13854,3
28822,3
13915,2
14312,2
13868,1
14242,1
13781,1
14133,1
14166,1
13753,1
13817,1
14142,1
13858,1
13925,1
13892,1
14052,1
28316,1
28606,1
28641,1
28369,1
28541,1
28719,1
28538,8
28456,1
29024,1
28899,1
28317,1
28426,6
28898,1
28618,1
14178,1
14321,1
28761,1
14249,1
14254,6
14084,1
13919,1
14110,8
14180,8
13707,1
28626,1
14048,1
14123,1
13749,1
28543,1
29077,8
13786,2
14216,8
28595,10
13940,8
28758,3
14118,3
29065,3
28847,2
14066,5
13890,5
13693,5
13714,4
28799,3
13856,1
14308,3
14003,1
14147,2
28935,4
28839,4
13601,7
13694,3
14071,2
13815,2
14269,2
29080,4
28840,4
28797,2
28554,8
13738,4
29032,8
28619,5
28432,4
28614,4
28878,4
28549,4
28784,4
28580,4
28511,4
28918,4
28635,4
28563,4
28326,4
28333,4
28428,4
28915,4
29107,4
28421,4
14221,8
13788,8
13666,8
13880,8
14063,8
13953,8
13664,8
13697,8
14055,8
14236,10
14100,6
14057,6
13651,6
14264,6
13812,6
29059,2
28970,10
29090,10
13678,10
13782,4
28670,1
28714,1
13842,1
13928,1
13779,9
14085,2
13992,2
28476,1
14019,8
13922,1
28536,4
14023,1
13883,8
29039,1
28937,1
13772,1
13877,1
14301,8
14297,8
13747,8
14329,8
14024,8
14281,8
28582,9
28864,4
28481,1
28902,3
28683,3
28816,2
28314,1
28377,10
28659,3
29097,3
14176,3
28320,1
28938,1
28338,3
29098,6
29105,1
29006,1
28978,4
29086,4
28770,4
29046,7
28711,10
13616,2
13937,10
28914,2
14322,2
14240,2
13705,1
14299,9
28835,3
28867,7
14189,9
13860,9
13670,9
13934,6
28940,7
28748,7
28764,7
13848,7
28743,2
13954,8
13888,8
13656,5
13701,1
14087,1
28503,9
28528,4
13735,4
13921,3
28567,4
28813,7
28741,7
28677,7
13900,2
14233,2
28973,2
14059,2
28827,8
28895,8
28591,8
28681,8
28546,8
28828,8
28701,8
29048,8
29055,8
28698,8
28736,8
28653,8
28680,8
14129,1
28423,5
28364,5
28696,2
14225,3
14292,10
28471,8
28892,8
28430,4
13691,10
28958,2
14041,2
28449,4
28384,4
14009,3
14192,6
13625,9
13650,9
13895,4
28773,2
29101,9
28951,6
28844,7
28804,7
28356,7
28382,7
28954,7
14212,10
13808,10
29001,10
14179,3
13958,7
28502,8
14261,8
29034,8
14047,8
28542,8
13752,8
29058,8
28534,8
28943,8
14027,8
28504,8
28630,8
28622,8
13804,8
28508,8
28763,8
28380,8
28501,8
28832,8
28968,8
28479,8
13703,8
28397,8
28373,8
28625,8
28470,8
28617,8
28452,8
13727,8
28490,8
28806,8
28718,8
29057,8
29015,8
28720,8
28661,8
28642,8
28754,8
13985,8
29084,8
28483,8
28866,8
29010,8
14016,8
28583,8
28879,8
28821,8
28408,8
28590,8
28524,8
28647,8
28586,8
28964,8
28727,8
13917,8
14128,8
14155,8
14121,8
14112,8
14137,8
14259,8
13876,8
14028,8
13939,8
14207,8
14173,8
28871,4
29088,2
13942,8
29051,2
29029,2
28788,2
28386,2
28702,2
28389,2
29074,2
28901,2
28393,2
13831,2
28836,2
28379,2
29089,2
14152,2
13899,2
14226,2
13718,2
13873,2
14201,2
13717,2
13964,2
28739,6
28713,10
13617,9
28519,6
28926,6
28685,9
28492,9
14296,9
28579,6
28897,6
28956,6
28628,6
28311,6
29062,6
28819,6
28823,2
28525,2
28403,2
29079,1
14287,3
13980,4
13974,3
14056,8
28462,1
28668,10
13671,2
14286,2
13627,2
28992,8
14146,5
14247,5
14218,6
14257,7
14213,2
28609,10
28352,10
28728,2
14092,10
13991,2
13640,9
13791,6
28593,6
28963,6
28852,8
13653,2
14116,5
14143,5
28564,5
13767,5
28568,5
28336,5
13968,5
28858,5
14196,1
13599,1
13894,5
13641,5
13686,5
14217,5
13602,1
13852,5
28688,5
13669,5
13668,5
13893,1
14169,1
14310,1
28790,4
29081,9
28482,9
29114,9
28655,9
29035,9
28592,9
28730,9
14012,2
14065,2
28982,2
14215,3
13743,6
14040,1
13884,1
13787,2
28596,2
28523,2
13597,2
28303,2
13774,2
28585,2
13836,2
28666,2
28853,2
13963,2
28494,2
28704,2
28750,2
13905,2
28768,2
28875,2
28740,2
28440,2
28787,2
28767,2
13977,2
28870,2
13902,2
14227,2
14260,2
28974,2
14060,2
14330,2
28547,2
13754,2
28342,2
13626,2
13700,1
28561,2
28375,2
28860,2
28507,2
28752,2
13897,2
29085,2
13698,2
28558,2
28621,2
13760,2
28556,2
14302,2
14148,2
29116,2
13689,2
13946,2
14237,2
28305,2
13596,2
13821,2
28487,2
13680,2
28438,2
13623,2
28674,2
13865,2
13986,2
28890,2
28553,2
28645,2
28716,2
13875,2
13674,2
28433,2
28588,2
13657,2
28576,2
13777,2
13618,2
28658,2
29115,2
14154,2
13679,2
28436,2
28721,2
28910,2
28757,2
13709,2
28368,2
13643,2
13731,2
28518,2
13644,2
28365,2
14099,2
29023,2
14272,2
13634,2
28390,2
13654,2
14034,2
13647,2
14186,2
14076,1
14089,1
14284,1
14193,8
28453,8
13690,2
28744,8
28946,8
28886,8
14134,4
28385,2
14241,3
28922,2
14171,2
28488,2
14262,7
28896,1
14000,1
28607,1
13797,1
13816,6
13683,6
14219,6
28577,1
28309,6
13739,6
28794,10
28905,2
13999,2
14046,8
28496,2
28863,2
29056,2
28435,2
28650,2
13784,7
28544,6
28555,2
28952,2
13721,2
28894,2
28473,1
13688,8
13620,3
14277,10
14291,10
13595,10
14276,10
13783,10
13716,2
28708,1
14036,1
28469,1
28347,1
28868,1
29030,1
28363,1
28793,1
13941,1
14095,1
14159,1
29052,4
28499,10
28489,10
13960,10
28457,10
14258,1
28337,4
29018,3
14309,1
28927,5
28995,5
28861,5
28634,8
13835,2
13759,2
13730,2
28460,2
14103,2
28738,2
28818,2
14070,2
13853,3
28699,3
28687,10
13849,10
29022,5
13713,5
13833,10
29112,10
28530,10
13629,10
14031,10
13635,1
13975,5
28690,4
28648,10
14126,10
13962,10
28857,10
14156,10
29118,10
14190,10
28900,10
28962,10
28631,10
13736,7
28912,3
28495,3
28945,3
28994,3
13695,10
14122,1
28944,3
14300,8
28410,3
13971,2
29060,8
28961,8
14140,9
13633,1
28838,2
13959,2
14149,2
28829,2
13951,2
14035,2
14120,2
13681,2
13843,9
13981,1
13598,3
13745,2
13631,2
13965,2
28468,2
28578,2
14075,2
13933,6
14160,6
14061,6
28833,3
14107,1
14081,10
28826,8
28824,4
28401,3
28332,3
28414,3
14270,10
14200,1
13708,1
14001,1
28996,1
28531,1
28512,7
28908,7
28660,7
28515,7
28925,7
29038,7
28778,7
28441,7
28517,8
14203,3
28550,3
13758,3
14172,3
14105,3
28640,1
29053,1
29092,1
28929,1
28942,1
28789,1
29096,1
28360,1
28733,1
28477,1
28310,1
28448,1
14267,1
28980,1
28419,1
28913,10
28657,10
28972,10
29028,10
28885,10
13988,10
28774,10
28491,10
29026,10
29025,10
13906,7
13955,2
14136,2
29009,9
13904,4
13652,5
28391,5
28302,5
13603,5
14119,2
28633,10
13604,5
28312,5
13909,5
14010,2
13645,10
13733,5
29119,2
29093,2
28769,2
29044,2
28545,2
28434,2
28695,2
29073,2
28644,2
28771,2
29117,2
13632,2
14163,2
13744,2
28616,5
28466,6
28409,6
28734,1
13805,1
28620,1
13834,10
28662,10
14223,10
13746,5
14209,5
14098,5
13662,9
28418,9
13719,8
13724,3
13984,3
14328,10
28803,5
28407,6
13685,4
13912,4
13822,3
14039,1
28983,4
28723,2
14293,7
28979,4
28493,4
28795,4
28684,4
28880,10
13983,10
28975,10
28950,4
28656,4
14042,4
13993,4
13682,4
13675,4
14230,4
13898,4
13869,4
14005,4
13879,4
14151,4
13938,4
13803,4
13949,4
14239,4
14011,4
28811,6
28371,6
14325,4
14054,4
13948,4
14320,4
14311,4
14273,1
28917,2
29007,1
13619,1
28335,1
28700,8
28931,2
13755,6
28747,4
14231,2
13891,2
14008,1
13861,1
28559,2
28372,2
14224,2
14068,2
13723,2
14326,10
13672,2
13780,2
13824,2
14131,2
29071,4
14327,5
28889,1
28760,1
28930,1
13829,3
13605,1
13967,5
14161,5
13809,2
13649,1
14314,8
13886,7
14283,7
14030,3
14144,7
13859,3
13936,3
14150,3
13702,1
14101,7
14266,9
13913,9
13764,3
14204,1
14077,3
14288,7
14021,2
13851,7
14015,7
28611,4
14153,2
14187,8
14253,8
13990,8
28388,3
28425,3
28686,5
28321,3
28387,3
28999,3
28705,6
28532,4
13741,4
28663,9
29037,5
28560,5
13712,5
13667,10
13996,8
13855,10
28612,10
13862,3
13957,3
28955,4
29054,5
28307,5
13813,5
28632,5
28998,5
13966,5
14072,5
13846,9
18527,9
18155,9
18607,1
18796,1
18394,1
18593,1
18363,1
18644,1
18465,1
18708,1
18147,1
18664,1
3039,1
2848,1
18150,3
2603,10
2650,10
2524,10
18584,5
3030,4
2644,2
2630,2
2654,7
2796,1
2677,1
2691,1
18768,1
18163,1
18464,1
18451,1
18773,1
18154,1
18132,1
18794,1
18290,1
18418,1
2595,1
2875,1
2739,1
2493,1
2991,1
2548,1
2480,1
2923,1
2986,1
3028,1
2860,2
18267,4
2746,4
3042,4
18380,4
18299,4
18765,4
18269,4
18368,4
18671,4
18080,4
18371,4
18670,4
18303,4
18555,4
2599,4
2840,4
2542,4
2594,4
2574,4
18073,10
2971,2
2474,1
2468,1
18637,6
2810,2
2516,2
18734,9
2685,8
2481,5
2680,5
18642,6
18444,10
18238,9
18205,9
2774,3
3050,3
18439,3
18783,3
18767,1
2578,1
2992,1
2747,1
2928,7
18742,9
18433,9
18397,2
18364,2
2700,2
18546,3
18600,1
2816,5
2726,9
18162,9
18289,9
18669,9
18534,7
2951,4
2980,4
2612,4
2924,4
3023,7
2769,4
2722,4
2620,4
2983,4
2596,4
3020,4
3082,4
2978,4
3069,4
18069,9
2455,9
2960,1
2990,8
2955,8
3038,8
2873,8
18448,4
3058,1
18793,9
3061,9
3064,9
18075,4
18559,1
18757,1
18447,1
18547,2
18276,4
2829,4
18791,2
18735,2
18678,9
18605,6
18775,6
18408,6
2615,6
2792,6
18758,2
18704,2
2573,7
2845,7
2930,7
2697,7
18340,1
2735,1
2557,1
2719,1
18491,1
2675,1
2540,1
2713,1
3068,1
2749,1
2904,1
2664,1
2656,1
2653,1
2482,1
2607,1
2459,1
2495,1
2536,1
3025,1
2961,1
2487,1
2636,1
2488,1
2587,1
2564,1
2745,1
2642,1
2855,1
18529,3
18255,3
18381,3
18116,3
18219,3
18186,3
18302,3
18076,3
18058,3
18060,3
18157,3
18446,3
18128,3
18077,3
18087,3
18176,3
18247,3
18417,3
18419,3
18051,3
18321,3
18745,3
18259,3
18243,3
18736,3
18190,3
18376,3
18145,3
18385,3
18196,3
18293,3
18535,8
18049,2
18134,2
18124,2
18562,2
18179,2
18694,2
3016,2
18232,2
18629,2
18519,2
18278,2
18081,2
18088,2
18131,2
18188,2
18588,2
18208,2
18513,2
18536,2
18612,2
18727,2
18484,2
18683,2
18338,2
18268,2
18103,2
18070,2
18072,2
18063,2
18102,2
18153,2
18052,2
18110,2
18543,2
18113,2
18458,2
18770,2
18608,2
18197,2
18254,2
18109,2
18650,2
18192,2
18292,2
18467,2
18256,2
18333,2
18297,2
18710,2
18413,2
18440,2
2741,2
2902,2
2571,2
2604,2
2646,2
2789,2
2608,2
2456,2
2458,2
2833,2
2643,2
2517,2
2671,2
2513,2
2598,2
2423,2
2475,2
2584,2
2606,2
2583,2
2444,2
2551,2
2486,2
2498,2
2448,2
2440,2
2934,2
3036,2
2523,2
2479,2
2476,2
2896,2
2478,2
2640,2
2462,2
2968,2
2528,2
2496,2
3006,2
2617,2
2623,2
2450,2
3005,2
2622,2
2852,2
2676,2
2619,2
2491,2
2854,2
2724,2
2471,2
2436,2
3095,2
2466,2
2492,2
2544,2
18281,8
18774,8
2762,8
18341,7
2922,6
18271,9
18632,6
18342,6
18472,6
18055,6
18561,6
18659,6
18365,6
18347,6
18078,6
18361,6
18288,6
18184,6
18203,6
18401,6
18180,6
18692,6
18206,6
18641,6
18427,6
18172,6
18615,6
18148,6
18479,6
18074,6
18262,6
18140,6
18789,6
18098,6
18746,6
2460,6
2609,6
2446,6
2539,6
2885,6
2520,6
2775,6
2424,6
3014,6
3057,6
2427,6
2982,6
2464,6
2767,6
2752,6
2433,6
2537,6
2977,6
2786,6
2618,6
3081,10
2555,10
18144,3
18344,7
18336,5
3056,5
3074,5
18739,2
2527,4
18234,2
3000,1
2843,1
2979,1
3027,1
2525,1
2870,1
2917,1
2812,1
2652,1
2851,1
2918,1
2463,1
2949,9
3092,4
18311,4
18067,3
2730,2
3022,2
2445,2
2948,2
2721,2
2626,2
2710,2
2847,2
3079,2
2531,2
3002,2
2689,2
2662,2
2569,2
2912,2
18156,8
18181,8
18674,8
2898,8
18404,8
2586,8
2976,2
2972,2
2794,2
2734,7
2946,7
18668,1
18253,10
18649,10
18691,10
18557,10
18382,1
18193,1
18277,1
18353,1
18660,1
18616,1
18266,10
2738,3
2773,8
18174,7
18202,7
18421,7
18706,7
18639,7
18470,2
18589,2
18387,9
18624,7
18455,7
18578,10
18313,10
18047,10
18215,10
18169,10
18317,10
18291,10
18720,10
18785,10
18209,10
18189,10
18164,10
18159,10
18091,10
18068,10
18114,10
2881,10
2779,10
2505,10
2580,10
2512,10
2510,10
2535,10
2686,10
2614,10
2942,10
2454,10
2457,10
2788,10
2783,10
2836,10
2765,10
2572,10
2470,10
2439,10
3085,7
2824,2
18263,9
18695,9
18265,8
2883,2
18707,2
18312,2
2886,2
18346,6
3011,1
2703,1
2732,2
18687,2
18528,2
2744,2
18523,2
18602,2
18482,2
18438,2
18596,2
18437,2
18390,2
18286,2
18383,2
18065,2
18112,2
18173,2
18178,2
18370,2
18171,2
18747,2
18633,2
18548,2
2665,2
2590,2
2809,2
3024,2
3088,2
2937,2
2611,2
2577,2
2549,2
2637,2
2981,2
2856,2
2828,2
18239,3
2859,3
18412,3
3063,3
2776,2
2750,2
2431,2
2576,2
2518,2
18772,1
2915,3
18560,6
2641,6
18475,6
18526,6
3055,6
2502,6
2880,6
18138,8
2909,5
18182,1
2647,10
18222,10
18320,10
18677,10
18185,10
2553,10
2538,10
18510,7
18240,7
18463,7
18663,7
18429,6
18628,6
18082,1
18754,1
18161,1
18653,1
2526,1
18326,1
18565,1
2667,6
2543,6
2428,6
18697,1
2522,9
18057,7
18146,7
18135,7
18100,7
2465,7
2704,7
2681,7
18725,6
3037,4
18207,3
18373,3
2649,1
18230,3
18250,3
2592,3
3077,1
2806,4
18603,3
18769,3
18499,3
18228,3
18309,3
18217,3
18378,3
18200,3
18071,3
18260,3
18133,3
2926,3
2621,3
18119,3
18129,3
18450,3
18498,3
18111,3
18210,3
18718,3
18556,3
18094,3
18126,3
2591,3
2668,3
2731,3
2565,3
2661,10
3051,6
18459,1
18392,1
18453,2
18454,2
18414,2
18502,2
18476,2
18379,2
2945,2
2751,2
2613,2
2969,2
18416,6
18581,8
18216,8
18195,8
3065,8
18661,1
2963,1
2911,1
18469,3
18244,3
18667,3
18497,3
18538,3
18367,3
18245,3
18237,3
2706,3
3041,3
2997,3
2974,3
2683,3
3008,3
2624,3
2530,3
2805,3
2497,3
3070,3
2868,2
2588,2
2593,2
2967,2
3009,1
2962,1
2999,1
18296,4
18503,8
18777,8
18452,8
2906,8
2964,8
3029,8
2753,8
2818,8
3040,8
2844,8
3019,8
18520,1
18307,1
18494,1
18626,1
18505,1
18681,1
18690,1
18183,1
18375,1
18481,1
18738,1
18298,1
18136,1
2635,1
2913,1
2849,1
3093,1
2670,1
2819,1
2889,1
2858,5
2690,1
2903,1
2581,1
2895,1
2629,1
2956,4
18507,8
18749,7
18357,7
2707,7
18731,10
18084,1
2432,1
18553,1
18061,1
18086,3
3084,2
18389,9
18656,10
18698,3
18522,3
18732,3
18372,3
18428,3
18573,3
18501,3
2907,3
18407,3
18096,3
2862,1
2861,1
2929,1
3017,1
2702,1
2893,1
2835,9
2714,9
3034,9
2755,6
2975,6
2897,5
2947,1
3094,6
18322,8
18730,4
18651,4
18435,4
18533,4
18622,4
18638,4
2759,2
18620,2
18719,2
18149,2
3003,7
3054,7
3035,7
3071,7
2950,7
2826,7
18409,4
2648,9
18688,9
18795,9
18569,9
18673,9
18474,9
2718,9
2995,9
2920,9
2825,9
18549,9
18468,9
2814,9
2770,9
2823,9
2673,9
2994,9
18456,9
2863,9
2965,9
2842,9
18396,9
2778,9
18567,9
2694,9
2791,9
2876,1
18737,2
2499,1
2494,1
2533,1
2780,1
2659,1
2777,1
18319,1
18495,1
18431,1
18442,1
18755,1
18283,1
18221,1
2804,3
2865,3
2807,6
18570,6
18400,3
18761,6
18355,8
18705,5
18048,10
18158,10
18099,10
18521,10
18496,10
18089,10
2705,2
18445,2
18539,9
18356,8
18611,7
18657,7
18457,5
18601,9
18489,10
18748,10
18166,10
18436,10
2985,8
2695,3
18213,3
18800,3
3086,3
3076,3
2715,3
18647,3
2973,6
18636,1
2890,6
18449,7
18352,7
2864,7
3007,7
3067,7
2758,7
2891,7
2429,7
3044,7
2585,7
2562,7
18384,7
2473,7
2757,7
2639,7
3060,7
18280,3
18318,3
18585,3
18574,3
18334,3
2933,3
2887,3
2748,3
3031,3
2837,3
2434,3
2916,3
2489,3
2679,3
2449,3
2693,3
18788,1
18621,7
18672,7
18689,7
18756,7
2559,7
2567,7
2483,2
18306,8
18405,8
18332,3
18226,3
18374,3
2558,3
2616,3
2477,3
3053,4
18142,6
18325,7
18261,7
18592,7
18544,7
18369,7
18420,7
18248,7
18046,7
18284,7
18285,7
18776,7
18287,7
18227,7
18345,7
18790,7
18764,7
2771,7
2808,7
2871,7
2628,7
2966,7
2600,7
2570,7
18614,7
18083,7
18118,7
18786,7
3083,1
18598,8
2846,8
3072,2
2601,3
18655,6
18787,2
18487,8
2699,1
18617,1
2798,1
3004,1
18676,6
18471,6
18630,6
18654,6
18509,6
18224,6
18348,6
18199,6
18301,6
18123,6
18391,6
18349,6
18473,6
18766,6
18724,6
18554,6
2784,6
2716,6
2451,6
2869,6
18716,6
18587,6
18506,6
18542,6
18191,6
2884,6
18343,6
18564,6
2504,6
18194,6
18402,6
2820,6
2418,5
2419,5
3049,7
18680,3
18590,2
2935,1
18762,8
2534,6
2461,6
2821,6
2660,6
18218,1
18741,1
2684,9
2737,9
18726,6
18752,6
2892,6
18635,6
18130,6
18552,6
2507,6
2566,6
18579,9
18092,9
18634,9
2554,9
18568,9
18781,9
2472,4
18771,1
18782,1
18606,8
18551,7
18443,2
18684,8
18424,8
18595,8
2879,1
3001,2
18599,3
3048,3
2958,3
2709,3
2925,9
18300,9
18059,9
18050,9
18274,9
18151,9
18121,9
18236,9
18571,9
18351,9
18512,9
18165,9
18085,9
18045,9
18079,9
18097,9
18493,9
18645,9
18066,9
18295,9
18393,9
18360,9
18106,9
18395,9
18095,9
2802,9
2453,9
2438,9
2556,9
2763,9
2669,9
3043,9
2509,9
18511,9
18358,9
18733,9
18064,1
18760,1
18610,1
18524,1
18201,1
2939,1
2720,1
2552,3
2420,5
18339,9
18432,9
18411,9
18426,9
18648,3
18686,3
2839,2
18577,2
3087,2
18751,3
18675,9
2797,8
3080,1
2674,1
2532,1
3052,1
2501,1
2740,10
2800,3
18477,2
18658,2
18314,2
18093,2
18125,2
18211,2
18331,2
18323,2
18483,2
18324,2
18177,2
18160,2
18430,2
18359,2
18662,2
18377,2
18108,2
18220,2
2561,2
2634,2
2452,2
2511,2
18388,2
2940,2
18665,2
18586,2
2801,2
2441,2
2560,2
2850,2
2712,2
2541,2
2435,2
2692,2
2638,2
2832,2
2645,2
2490,2
2993,2
2625,2
2743,2
2941,2
2443,2
2717,2
2508,2
2521,2
2815,2
2817,2
2970,2
2514,2
2506,2
2430,2
2984,2
2655,2
2872,8
18714,2
18701,2
18090,1
18056,1
18167,1
2781,1
2830,1
3033,1
2742,3
2550,3
18272,1
2602,1
2672,1
2442,1
2936,1
2678,1
18702,1
18682,4
18712,4
3096,4
2725,10
2760,2
18386,1
2905,1
2711,1
18294,1
18517,1
3046,7
3010,7
3012,7
2582,7
3066,8
3015,1
3090,3
18461,10
2938,3
2952,2
18723,1
3047,1
18631,4
18643,8
18062,3
2425,3
2723,3
18053,3
18107,3
3032,2
18490,6
18646,6
18709,6
18212,6
18525,6
18316,6
18233,6
18257,6
18115,6
2422,6
18141,6
18744,6
18137,6
18105,6
18198,6
18122,6
18486,6
18583,6
18485,6
18406,6
2957,6
2651,6
2568,6
2563,6
2688,6
2658,6
2597,6
2484,6
2811,6
2627,6
2987,6
18759,1
18699,7
2437,9
2953,1
2901,1
3089,1
18187,4
18763,3
18273,1
18696,1
18613,1
18604,1
2754,1
2996,1
2998,1
2421,7
18545,9
18566,9
18619,9
18214,9
18305,9
18652,1
18252,1
18792,1
18609,1
18508,1
18335,1
18717,10
18304,10
18249,10
18753,10
18139,10
18425,10
18235,10
2908,10
2447,10
18537,10
18350,10
18693,5
18362,5
18743,5
2728,1
2921,3
18514,1
18685,3
18246,2
18120,2
18530,4
18478,4
18582,4
18241,4
18143,4
2500,8
18410,5
3078,4
2756,6
2632,6
18532,6
2764,6
18308,6
18170,6
18327,6
18750,6
18462,6
18101,6
18127,6
18337,6
18152,6
18399,6
18580,6
18251,6
18117,6
18168,6
18779,1
18627,1
18597,1
18460,1
18330,1
2790,5
2698,5
2813,5
2878,5
2682,5
2831,5
2919,5
2575,5
2857,10
2589,10
2729,10
2927,2
3075,8
2799,8
2888,1
2841,2
2768,7
2469,3
2515,10
2519,10
2900,10
2657,10
2503,2
2701,10
2467,4
2874,9
2931,9
2666,10
18721,1
18576,1
18780,1
18640,1
18531,1
2954,1
2529,2
2766,2
18575,2
18229,2
18223,1
2546,2
18518,1
18558,5
18572,4
3062,7
2899,7
18466,4
2633,4
18054,4
18104,4
18623,4
18500,4
18516,4
18329,4
18540,4
18541,4
18366,4
18423,4
18488,4
18666,4
18258,4
18310,4
18270,4
18679,4
18434,4
18703,4
18492,4
18328,4
18563,4
18550,4
18594,4
18711,4
18231,4
18784,4
18504,4
18618,4
18415,4
18204,4
18398,4
18315,4
18729,4
18715,4
18282,4
18275,4
18591,4
18441,4
18422,4
18515,4
18700,4
18175,4
18403,4
18264,4
2547,4
2988,4
2944,4
2834,4
2696,4
2579,4
2877,4
2822,4
2727,4
2787,4
3073,4
2882,4
2910,4
2803,4
3059,4
2545,4
3091,4
2989,4
2914,4
3021,4
2733,4
3013,4
2867,4
2932,4
2785,4
2761,4
2687,4
2426,4
2605,4
3045,4
2782,4
2485,4
2793,4
2736,6
2827,1
2631,1
18722,5
18740,3
18728,7
18279,7
18713,7
18354,7
18242,7
18625,7
18480,7
18225,7
3018,7
2795,7
2866,7
2663,7
2894,7
3026,7
2610,7
2853,7
2959,7
2708,7
2772,7
2943,7
2838,7
7832,5
7646,1
7953,3
7581,4
7873,1
7857,1
7774,2
7594,2
7830,2
7838,2
7820,2
7684,2
7799,2
7800,2
7736,4
7764,4
7568,4
8023,10
7810,2
7934,9
7767,2
7748,2
7604,2
7754,2
7746,2
7494,2
7672,2
7669,2
7908,2
7695,9
7850,9
7770,9
7990,9
8005,9
7920,9
7728,9
7722,9
7917,9
7880,9
7887,9
7539,9
7868,9
7636,9
7972,9
7978,9
7925,9
7919,9
7989,9
7731,9
7762,9
7892,9
7712,9
7987,9
7942,9
7533,9
7886,9
7869,9
8003,9
7848,9
7888,9
7911,9
7753,9
7847,9
8008,9
7727,9
7924,9
7758,9
7595,9
7950,9
7952,9
7625,9
7960,9
7516,9
7927,9
7988,9
7914,9
8002,9
7481,9
7734,9
7871,9
7916,9
7743,9
7512,9
7511,9
7870,9
7858,9
7635,9
7876,9
7750,9
7938,9
7959,9
7648,9
7913,9
7984,9
7532,9
7968,9
7862,9
7941,9
7982,9
7895,9
7851,9
7910,9
7571,9
7543,9
7896,9
7572,9
7772,9
7933,9
7897,9
7877,9
7879,9
7630,9
7492,9
7520,9
7519,9
7898,9
7993,9
7889,9
7882,9
7899,9
7675,9
7940,9
7699,9
7853,9
7644,9
7958,9
7883,9
7901,9
7612,9
7490,9
7845,9
7626,9
7725,9
7488,9
7752,9
8001,9
7660,9
7872,9
7918,9
7740,9
7615,9
7909,9
7875,9
7771,9
7468,9
7742,9
7943,9
7881,9
7992,9
7592,9
7676,9
7951,9
7929,9
7613,9
7759,9
7856,9
7905,9
7621,9
7653,9
7726,9
7994,9
7855,9
7864,9
7507,9
7782,9
7932,9
7852,9
7906,9
7768,9
7961,9
7521,9
7784,9
7640,9
7580,9
7957,9
7765,9
7915,9
7954,9
7560,9
7658,9
7904,9
7665,9
7849,9
7667,9
7866,9
7861,9
7854,9
7651,7
7865,7
7777,7
7654,7
7939,7
7555,7
7928,7
7981,7
8004,7
8025,2
7544,2
7937,2
8012,2
7907,2
7541,2
7553,2
7698,2
7517,2
7708,2
7569,2
7498,2
7466,2
7679,2
7962,7
7792,8
7900,8
7526,8
7681,8
7500,3
7509,3
7523,3
7493,3
7542,3
7475,3
7563,3
7795,3
7822,3
7739,3
7749,8
7945,8
7878,8
8016,8
7707,8
7995,8
8011,9
7793,6
7821,6
7602,6
7598,6
7476,7
7979,7
7688,7
7522,7
7682,3
7874,8
7826,8
7470,8
7601,8
7586,3
7480,3
7732,3
7803,3
7556,3
7524,3
7554,3
7513,9
7489,5
7486,6
8007,3
7998,1
7663,3
7751,9
7786,2
7505,2
7525,2
7597,2
7482,2
7638,2
7546,9
7551,2
7720,2
7683,2
7812,2
7715,2
8000,2
7537,10
7836,10
7730,10
7834,4
7502,5
8017,7
7912,2
7614,2
7477,3
7975,8
7548,7
7584,7
7582,7
7547,7
7550,7
7496,5
7562,5
7702,5
7641,3
7692,10
7802,10
7969,8
7893,8
7706,8
7781,7
7609,5
7616,3
7538,3
7813,3
8018,6
7903,1
8026,2
7885,9
7570,9
7567,6
7650,2
7808,7
7828,6
7557,6
7835,6
7575,3
7691,3
7629,3
8020,3
7611,3
7600,3
7829,3
7841,3
7823,3
7483,3
7527,3
7844,3
7697,3
7639,3
7806,3
7807,3
7642,3
7776,3
7603,3
7472,3
7733,3
7631,3
7794,3
7985,9
7467,9
8019,8
7780,8
7561,4
7693,4
7632,4
7618,4
7573,4
7709,4
7662,6
7666,6
7840,6
7579,6
7719,2
7949,1
8021,1
7833,1
7634,1
7633,2
7818,9
7948,8
7839,5
7991,5
7970,5
7963,5
7508,2
7955,8
7637,10
7649,1
7724,9
7714,9
7717,9
7661,9
7664,9
7534,9
7783,9
7655,9
7515,9
7518,9
7504,9
7703,9
7923,10
7659,5
7744,5
7797,5
7798,5
7564,5
7678,5
7747,5
7804,2
7785,8
7529,6
7473,7
8013,10
7484,1
7589,3
7588,1
7610,1
7501,1
7624,1
7790,8
7831,7
7617,7
7741,5
7867,3
7576,9
7791,9
7787,9
7647,9
7673,9
7577,9
7530,9
7607,9
7528,9
7842,9
7761,1
7671,6
7891,9
7760,1
7497,1
7902,9
7894,9
7946,9
7628,9
7974,9
7859,9
7983,3
7936,9
7997,9
7999,9
7656,5
7670,2
7735,2
7652,2
7723,8
7674,10
7863,2
7926,10
7566,4
7921,1
7814,1
7773,1
7796,1
7801,1
7578,7
7789,5
7837,3
7805,3
7487,3
7583,7
7696,1
7827,1
8009,10
7514,1
7843,4
7701,4
7627,10
7506,10
7788,8
7657,7
7620,10
7622,10
7825,3
7587,3
7977,1
7737,5
7680,3
7935,3
7980,3
7599,3
7973,3
8006,3
8010,3
7757,3
7559,3
7552,3
8024,3
7971,3
7964,3
7704,3
7585,3
7710,3
8014,3
7687,3
7755,3
7574,3
7689,3
7478,3
7690,3
7947,3
7756,3
7996,3
7986,3
7503,3
7694,3
7956,3
7884,3
7685,3
7922,3
7686,5
7549,8
7645,6
7729,3
7967,3
7619,3
7860,8
7930,8
7491,7
7931,2
7565,2
8022,6
7713,9
7965,1
7718,3
7766,3
7485,3
7716,3
7605,3
7545,3
7779,3
7677,1
7763,1
7623,1
7775,1
7608,1
7590,1
7705,8
7469,2
7819,1
7593,1
7815,1
7824,1
7778,1
7558,1
7535,1
7976,1
7745,2
7769,2
7471,4
7668,3
7809,10
7966,8
7711,8
7591,1
7721,1
7846,1
7944,4
7540,9
8015,3
7495,2
7531,2
7738,2
7479,2
7596,2
7700,1
7817,1
7816,1
7499,1
7811,1
7643,2
7606,2
7536,3
7890,3
7510,3
7474,3
8059,9
8032,9
8047,5
8055,8
8029,4
8030,3
8046,3
8028,6
8061,9
8031,9
8040,9
8038,2
8033,2
8053,8
8034,2
8037,1
8063,9
8042,6
8052,8
8027,4
8062,8
8044,8
8045,8
8043,8
8058,9
8060,3
8056,3
8048,8
8035,1
8039,1
8041,8
8057,3
8049,8
8054,5
8051,1
8036,1
3878,8
3705,8
3399,8
3208,5
3352,5
3715,5
3411,5
3870,5
3528,5
3648,5
3851,5
3134,5
3143,5
3778,5
3098,5
3814,5
3950,5
3843,5
3752,10
3729,10
3735,10
4008,10
3788,10
3736,10
3873,10
3820,10
3508,10
3490,1
3644,1
3971,7
3206,1
3943,1
3660,1
3682,1
3730,1
3306,2
3163,2
3988,4
3534,4
3531,4
3918,4
3149,2
3348,10
3890,10
4001,10
3138,10
3166,10
3105,10
3458,10
3799,10
3506,10
3165,10
3161,10
3565,10
3502,10
3497,3
3853,1
3122,1
4051,1
3653,1
3838,1
3828,1
3265,1
3218,1
3302,1
3544,1
3255,1
3803,9
3957,9
3718,9
3912,9
3266,9
3546,9
3501,9
3479,9
3211,9
3791,9
3559,9
3381,9
3900,9
3504,9
3440,9
3295,9
3655,9
3733,9
3472,9
3812,9
3313,9
3741,9
3882,9
3772,9
3663,9
3798,9
3665,9
3879,9
3442,9
3478,9
3221,9
3540,9
3392,9
3416,9
3415,9
3246,9
3590,9
3417,9
3740,9
3657,9
3338,9
3937,9
3529,9
3932,9
3556,9
3938,9
3633,9
3626,9
3285,9
3806,9
3423,9
3375,9
3618,9
4048,9
3467,9
3251,9
3484,9
3290,9
3760,9
3462,9
3916,9
3364,9
3578,9
3523,9
3368,9
3443,9
3421,9
4034,9
3465,9
3488,9
3711,9
3260,9
3585,9
3446,9
3826,9
3492,9
3520,9
3732,9
3763,9
3332,9
3538,9
3823,9
3350,9
3547,9
3616,9
3766,9
3594,9
3461,9
3976,9
3204,9
3388,9
3320,9
3460,9
3289,9
3281,9
3400,9
3229,9
3477,9
3499,9
3510,9
3597,9
3406,9
3293,9
3452,9
3283,9
3913,9
3667,9
3609,9
3834,9
3363,9
3261,9
3512,9
3592,9
3990,9
3757,9
3940,9
3236,9
3614,9
3449,9
3324,9
3542,9
3692,9
3875,9
3330,9
3939,9
3689,2
3997,9
3102,9
3280,8
3601,8
3414,8
3852,8
3516,8
3779,8
3676,8
3790,8
3942,8
3567,8
3230,8
3299,8
3859,8
3308,8
3924,7
4010,7
3910,7
3970,7
3856,7
3518,2
3813,2
3489,2
3137,2
3474,2
3247,2
3509,2
3328,2
3108,2
3342,2
3483,2
3453,2
3975,2
3190,2
3694,2
3346,2
3106,2
3767,7
3673,8
4033,3
3441,3
3774,3
4041,8
3396,8
3659,8
3761,8
3858,8
3977,3
4043,3
3240,3
3719,3
3180,3
3865,3
3347,3
3907,3
3454,3
3539,3
3748,3
3333,3
3687,3
3830,3
4047,3
3706,3
3127,3
3824,3
3192,3
3886,3
3503,3
3754,3
3861,3
3794,3
3992,8
3498,8
3391,8
3670,8
3947,8
3960,8
3607,8
3704,8
3804,8
3606,8
3557,8
3118,8
3744,1
3770,2
3434,6
3253,6
3677,3
3515,8
3100,8
3684,8
3377,3
3254,1
3979,7
3999,9
3914,7
3972,5
3296,5
3746,3
3933,3
3212,1
3351,1
3956,5
4013,8
3768,3
3927,3
3945,3
3284,3
3674,3
3116,3
3734,3
4050,3
3642,3
3162,3
3181,3
3209,3
3777,3
3223,3
3112,3
3305,3
3621,3
3554,3
3110,3
3160,3
3759,3
3345,3
3146,3
3199,3
3701,3
3664,1
3769,3
3370,2
3152,5
3376,6
3369,6
3697,6
3717,6
3549,6
3842,6
3751,6
3625,9
3964,3
3857,3
3263,1
3967,10
3635,8
3170,8
3275,8
3373,8
3389,8
3566,9
3622,9
3611,1
3871,2
3318,2
3797,9
3156,9
3617,9
3511,3
4031,5
4022,5
3249,1
3651,1
3574,1
3257,9
3987,2
3984,2
3459,5
3468,3
3384,2
3157,2
3818,2
3222,2
3205,2
3200,2
3184,2
3164,2
3291,2
3793,3
3662,8
3809,8
3530,3
3800,3
3598,3
3981,7
3404,7
3473,8
3608,8
3802,8
3359,8
3640,8
3591,8
3725,8
3410,8
3382,4
3450,4
3300,4
3371,1
3600,1
3930,1
4046,1
3928,1
3915,1
3905,1
3519,1
3613,1
3929,1
3816,1
3397,5
3457,10
3429,10
3413,4
3586,4
3827,4
3541,4
3678,3
3764,5
4000,5
3707,5
3361,5
3935,5
3700,5
3702,5
3855,5
3123,5
3844,5
3904,5
3934,5
3355,1
4025,3
3570,8
3186,7
3128,1
3136,1
3243,1
3256,1
3773,1
3298,1
3242,1
3167,1
3636,1
3721,5
3104,1
3681,1
3978,1
3135,1
4004,3
3109,1
3615,7
4005,7
3560,7
3271,1
3581,1
3969,6
3688,6
3173,1
3605,1
3708,1
4029,2
4020,2
3407,9
3849,1
3274,1
4037,6
3309,8
3201,8
3250,8
3631,8
3176,8
3792,8
3159,8
3131,8
3225,8
3195,8
3680,8
3850,8
3995,8
3228,8
3959,8
3672,8
3097,3
3991,3
3329,3
3171,3
3639,3
3316,3
3148,3
3207,3
3178,3
3115,3
3650,3
3177,3
3840,3
3155,3
3632,3
3133,3
3151,3
3132,3
3438,4
3775,4
3731,4
3627,4
3825,4
3125,4
3239,4
3439,4
3224,4
3231,4
3273,4
3710,5
3893,5
4040,2
3756,3
3612,3
3258,3
3658,3
3713,3
3582,3
3191,3
3426,3
3584,3
3197,3
3985,3
3936,3
3728,3
3485,3
3563,3
3437,3
3214,3
3198,3
3867,3
3182,3
3811,3
3312,3
3724,3
3220,3
3480,5
3564,5
3139,5
3276,5
3202,5
3278,5
3431,9
3385,9
3514,9
3860,1
3386,9
3175,9
3153,9
3425,9
3111,9
3475,9
3179,9
3150,9
3124,9
3527,9
3310,9
3189,9
3210,9
3158,9
3099,9
3233,9
3114,9
3113,9
3188,9
3144,9
3279,9
3836,9
3491,9
3595,1
3654,4
3341,4
3765,4
3897,6
3656,2
3403,2
3637,2
4045,2
3854,2
3839,2
3297,1
3847,2
4014,1
3965,1
3821,2
3428,9
3712,7
3815,1
3831,1
3572,3
3334,3
3948,2
3994,9
4006,9
3641,9
3755,9
3486,7
3372,7
3374,7
3380,7
3671,7
3577,7
3427,7
4011,7
3196,7
3455,7
3337,7
3234,7
3448,7
3695,7
3507,7
3669,7
3238,7
3589,7
3193,7
3304,3
3841,1
3349,1
3168,1
3303,1
3822,1
3174,3
3496,3
3533,3
3980,3
3140,3
3714,3
3691,3
3154,3
4028,3
4021,3
3147,3
3301,3
3445,3
3322,1
4009,1
3356,1
3919,10
3287,3
3845,2
3652,10
3219,10
3884,2
3262,2
3535,2
3487,2
3666,2
3194,2
3786,3
3215,5
3783,5
3723,5
3801,5
3466,5
3877,5
3543,5
3961,3
3357,3
3571,3
3954,3
3568,3
3944,3
3638,3
3962,3
3901,3
3409,3
3989,3
3103,3
3537,4
3367,4
3315,4
3335,4
3593,1
3880,4
3587,4
3588,4
4003,4
3500,10
3248,10
3422,10
3393,10
3390,10
3908,10
4007,10
3532,5
3911,5
3993,5
3968,5
3819,5
3922,5
3973,5
3848,5
3864,5
3887,5
3931,8
3925,8
3805,8
3405,1
3762,1
3366,1
3185,1
3596,1
3469,1
3776,1
3365,1
3360,7
3130,7
3745,7
3679,7
3383,7
3579,7
3810,7
3920,1
4015,1
3353,1
3217,1
3395,1
3311,1
3753,1
3517,1
3187,1
3340,1
3521,1
3227,1
3892,1
3923,1
3344,1
3216,1
3482,1
3889,1
3604,1
3362,1
3424,1
3286,1
3401,3
3946,7
3909,9
3119,1
3107,1
3894,3
3883,3
3727,3
3481,5
3288,5
3576,5
3545,5
3720,1
3203,5
3432,5
3808,6
3476,5
3686,5
3241,5
4049,5
3647,5
3698,5
3643,5
4027,3
4024,3
3832,3
3921,3
3444,2
3620,9
3690,9
3780,9
3888,4
3874,4
3602,1
3268,8
3269,8
4023,8
3782,7
3881,10
3343,3
3433,7
3331,7
3121,3
3610,3
3325,3
3294,2
3470,2
3846,2
3245,2
4044,2
3599,2
3339,2
3742,2
3513,1
3716,1
3949,4
3743,3
3996,1
3169,9
3668,1
3418,1
3646,1
4032,1
4019,1
3781,1
3354,1
3402,1
3885,1
3573,1
3726,1
3522,1
3747,6
3906,6
3784,6
3982,6
3323,1
3493,1
4002,1
3536,1
3259,1
3917,1
3951,1
3833,1
3696,1
4035,1
4017,1
3551,2
3336,2
4038,1
3739,5
3722,3
3958,3
3120,3
3117,3
3101,3
3277,3
3876,1
3272,1
4016,3
3526,1
3737,1
3314,1
3327,3
3326,6
3558,1
3789,3
3555,3
3226,3
3494,3
3183,3
3569,3
3142,3
3321,3
3435,3
3451,5
3307,5
3863,4
3895,6
3408,1
3456,3
3955,4
3868,4
3866,7
3213,7
3319,7
3379,7
3903,7
3548,7
3675,7
3129,3
3986,3
3709,1
3795,1
3553,3
3634,3
3898,3
3787,2
3623,2
3552,2
3264,1
3398,3
3358,7
3378,5
3282,5
3562,5
3580,1
3524,3
3998,1
3624,1
3436,3
3693,1
3232,4
3145,4
3899,4
3817,4
3796,4
4012,8
4030,8
3430,1
3141,7
3749,10
3292,3
4026,5
3603,4
3926,4
3237,7
3758,4
3550,7
3835,7
3750,5
3419,5
3252,5
3974,6
3837,7
3471,8
3583,2
4018,2
3629,2
3891,2
3412,2
3902,2
3896,2
3683,2
3941,2
3447,2
3703,1
3952,1
3963,1
3738,1
4042,1
3126,2
3495,2
3619,10
3575,10
3785,10
3561,10
3869,10
3953,3
3699,3
3628,3
3807,3
3872,3
3645,3
3966,3
3983,6
3649,1
3317,1
4036,1
3267,10
3387,10
3829,10
3235,10
3771,10
3244,10
3630,10
3270,10
3394,10
3862,10
3420,10
4039,10
3525,10
3685,10
3505,10
3172,10
3464,7
18044,1
17926,7
18010,10
2063,3
1726,4
2202,4
1898,4
1573,5
2213,1
2072,4
1909,5
2395,6
17994,6
1933,1
17596,10
2320,5
2152,5
17319,2
1969,2
17236,6
17327,6
17671,6
2181,1
2076,1
1536,4
1759,4
2047,1
2216,2
1770,1
1823,1
1983,1
1835,2
1790,1
17463,1
1721,1
1586,2
2238,1
2244,2
2263,1
2214,1
17267,9
1571,9
1602,9
2151,9
17117,9
17635,9
17411,9
17104,9
1654,9
1944,9
1804,9
17628,9
2070,9
2086,9
2414,9
17852,9
17995,1
17260,1
17188,1
1739,2
1819,9
2319,9
2118,9
2335,9
1954,9
2077,9
1576,9
1973,9
2187,9
2243,9
2318,9
2347,9
2161,9
1871,9
2028,9
2310,9
1982,9
2059,9
1620,9
2304,9
1942,9
2301,9
2316,9
2317,9
2329,9
2085,9
1817,9
2313,9
2026,9
2298,9
1824,9
2236,9
2134,9
2294,9
2058,9
1889,9
2093,9
2156,9
1992,9
2115,9
2061,9
1646,9
2342,9
2356,9
2336,9
2359,9
17984,9
17912,9
17481,9
17640,9
17225,9
17975,9
17215,9
17569,9
17820,9
17719,9
17961,9
17602,9
17836,9
17761,9
17725,9
17708,9
17971,9
17662,9
17810,9
17406,9
17488,9
17928,9
17421,9
17353,9
17180,9
17996,9
17466,9
17947,9
17954,9
17931,9
17992,9
17963,9
17989,9
17288,9
17574,9
17634,9
17957,9
17731,9
17929,9
17380,9
2103,9
1539,9
2332,9
1956,9
2340,9
17565,9
17136,9
17427,9
1890,9
2311,9
2237,9
2220,9
1891,9
1764,9
2104,9
2346,9
2333,9
1587,9
1563,9
2355,9
2154,9
2309,9
2231,9
1623,9
1856,9
2338,9
2322,9
2165,9
2362,9
2204,9
1690,9
2032,9
1953,9
1610,9
2360,9
1789,9
1977,9
17381,6
17520,6
17563,6
17737,6
17717,6
17385,6
17425,6
17603,6
17967,6
17951,6
17515,6
17521,6
17552,6
17324,6
18035,6
17666,6
18034,1
17895,1
17341,2
17684,2
17168,2
1579,2
17108,2
17653,2
17802,2
17993,2
17611,2
17138,2
17107,2
17529,2
1950,2
17793,2
17384,2
1695,2
1849,2
1908,2
17186,2
1581,2
17143,4
1742,8
17255,8
17131,8
1718,8
17323,8
17103,8
17641,8
17182,8
1984,8
2377,8
2387,8
2348,8
1836,8
1634,8
1818,8
2383,8
1713,8
1537,8
1962,8
1725,8
2391,8
1613,8
2386,8
1985,8
1965,8
2330,8
17609,7
17522,1
17500,1
17674,2
17322,9
2290,7
1975,7
2312,7
2209,7
1881,7
2284,7
2291,7
2001,7
1865,7
1929,7
1785,7
2363,2
18000,2
17514,3
17157,8
17835,8
17760,8
1669,8
17212,8
17424,8
17275,8
17134,8
17382,8
1753,8
17135,8
1680,8
17101,2
17128,2
17317,2
17230,2
17343,2
17783,2
17423,2
1887,2
17956,5
17312,7
1803,7
17258,2
17646,6
17389,8
17286,8
17735,8
17557,4
17570,4
1736,4
2101,4
2287,4
2280,4
2241,4
1542,4
2013,4
2117,4
1773,4
2283,2
2200,1
1538,4
1851,4
17419,4
17859,4
17086,4
17340,4
1632,7
1758,7
2150,7
1858,7
17753,1
17337,9
17883,9
1658,9
2055,9
17546,9
2074,9
17204,9
17832,9
17511,9
17531,9
1775,9
1707,9
17471,9
2406,9
17977,6
2023,3
18042,10
2046,7
17153,10
1639,9
1751,9
2035,9
1735,9
17937,3
17315,3
17918,3
17730,8
2226,3
2201,3
1905,3
1744,3
2050,3
2122,2
2295,2
17194,3
17723,1
17696,2
17791,2
17516,8
2323,7
17860,1
17901,1
17976,3
17816,3
2246,1
17396,9
17365,9
17473,9
17316,9
17508,9
17583,9
17468,9
17831,8
17416,8
17658,8
1765,8
1703,8
1678,8
1941,8
2012,8
18006,1
17694,1
17339,1
2057,6
2250,6
2000,2
17888,8
17363,8
17232,8
17079,8
17667,3
17758,3
17798,3
17326,3
17847,3
17742,3
17331,3
17604,3
17394,3
17815,3
17849,3
17383,3
17942,3
17548,3
1782,3
2278,1
17249,1
17364,3
17163,3
17109,3
17092,3
17102,3
17082,3
17099,3
17093,3
17842,3
17344,3
1644,3
1629,3
1541,3
1546,3
1559,3
17964,9
1635,6
2091,6
17408,5
17561,8
17864,8
17227,8
17222,8
17519,8
17866,8
17342,2
17148,2
1926,1
2143,7
17881,8
2266,8
1750,8
1947,1
17540,4
17749,4
17502,4
17904,4
18025,4
17788,4
17577,4
17367,10
1772,6
2394,1
1923,1
2288,1
17979,8
17489,8
17125,10
2247,1
1808,6
2255,1
1716,6
1723,10
1993,10
17990,10
2062,10
2308,10
17223,7
2041,5
2180,5
17572,2
2065,8
1691,8
1792,8
1948,3
1674,3
1802,3
1767,3
1601,3
17593,2
17251,2
17770,2
17871,8
17490,4
17741,4
2275,4
2273,4
1914,4
1774,4
1545,4
1711,4
1636,4
1564,4
17955,4
17686,4
17354,4
17469,2
17114,4
17817,4
17379,4
17087,4
17464,4
17151,4
17089,4
17414,4
17350,4
17100,4
17090,4
17081,4
17170,4
17140,4
17301,4
17374,4
17139,4
17769,4
17080,4
17387,4
17113,4
17371,4
17813,4
17949,4
17201,4
17242,4
17935,4
1866,4
17391,4
17459,4
17443,4
1974,4
1749,4
1825,4
17789,8
17724,8
17673,8
1852,10
17243,7
17720,4
17518,4
17487,4
1924,2
2044,1
1597,7
17872,10
17595,10
17357,10
17359,10
17178,1
1640,1
17625,10
17822,10
17453,10
17395,10
17897,10
17435,10
17748,10
17850,10
1688,10
1760,10
1762,10
2212,7
1959,7
1670,8
1964,8
1663,8
17818,8
17734,8
17821,8
17494,8
17812,8
17707,8
1705,8
1911,8
2306,8
1991,8
1920,8
2264,8
1798,8
2129,8
1569,8
1780,8
1653,8
1621,8
2254,8
17790,8
1951,8
1655,8
17361,1
1784,9
17804,5
17771,9
17913,1
17973,1
1547,1
1966,5
17693,5
17736,5
17445,5
17833,5
17838,5
17909,5
17582,5
17805,5
17678,5
17988,5
17936,5
17906,5
17905,5
17907,5
2258,5
2227,5
2239,5
2171,5
2173,5
2191,5
1864,5
1724,5
1637,5
2277,5
2049,5
1778,5
1704,5
17915,2
17429,2
17829,2
17796,2
17620,2
18024,9
2197,6
17877,4
17799,4
17921,8
17626,8
2234,1
17417,1
18033,1
17654,1
17715,1
17728,10
17335,8
17916,10
17129,6
17986,3
17982,3
17782,3
17950,3
17712,3
1733,5
2235,5
1958,5
1832,5
2233,5
1656,5
1879,5
1949,5
1624,5
1766,7
2088,7
2087,7
17886,7
2205,9
17752,8
17966,8
18038,8
2110,8
17543,8
17461,8
17592,8
17779,8
17426,8
17457,8
17972,8
17206,8
17690,8
1552,5
17448,9
1665,7
17295,1
18031,4
1617,9
17273,9
17252,8
2127,2
2299,2
17785,4
17792,6
18004,6
17612,3
2380,3
18026,8
17306,6
17605,6
1606,6
2415,6
2221,6
2024,6
1694,6
1671,6
2025,6
1995,6
1689,6
17311,6
17750,6
17309,6
17209,6
17645,6
18030,6
17555,6
17217,6
17608,6
18003,6
17550,6
17551,6
17807,6
17293,6
17499,6
17305,6
17479,6
17941,4
17224,6
17656,6
17713,6
17370,6
17848,6
1599,6
17952,6
17846,6
17325,6
2281,7
1885,7
1868,7
17218,6
17346,6
17601,6
17874,6
17632,6
1708,6
1572,6
2361,7
2051,6
2098,6
1745,6
2373,6
1902,6
1549,6
2185,6
1763,6
1544,6
1611,6
1895,6
1880,6
1886,6
2252,6
2031,6
1796,6
1748,6
1855,6
2135,6
1899,6
2367,6
1756,6
2270,6
1833,6
2107,6
17261,8
17161,8
17700,8
2334,3
2345,3
1862,3
2376,3
17415,3
17709,3
17485,10
17618,10
17528,7
17704,8
2167,7
17405,1
1946,2
1696,1
1930,7
2315,7
2137,7
2139,7
2148,7
17739,3
1801,9
17526,2
17699,2
17938,10
17932,10
18020,10
1938,9
1877,7
2314,7
2111,7
1978,7
17571,4
17999,4
17631,4
18021,4
17173,9
17410,9
2036,1
2145,1
1918,1
2081,1
1673,2
2341,3
2157,4
2172,4
17302,7
17923,7
17268,7
17917,7
17939,7
17763,7
17670,7
17253,7
17096,7
17191,7
17308,7
17149,7
17122,7
17621,7
17127,7
17765,7
2017,2
17898,7
1557,8
1893,8
1600,8
17123,8
1548,8
17401,8
17472,8
17118,8
17397,8
17549,8
2203,8
1626,8
17097,8
1800,8
17483,1
2189,6
2043,1
1771,1
17652,1
1931,1
1728,1
1700,1
1649,1
1706,1
1595,1
1652,1
1795,1
1596,1
1845,1
1584,1
1605,1
1553,1
1813,1
2078,1
2370,1
2271,1
1821,1
1967,1
1692,1
17553,1
17154,1
17422,1
17237,1
17953,1
17110,1
17447,1
17221,1
17533,1
17124,1
17436,1
17202,1
17980,1
17144,1
17644,1
17210,1
17547,1
17207,1
17274,1
17393,1
18023,1
17199,1
17525,1
17759,1
17930,1
17875,1
2188,1
2222,1
2417,1
1761,1
2164,4
1963,8
2006,8
2240,1
1682,3
17145,9
17819,9
17132,9
18019,4
17241,4
17372,4
17219,4
17246,4
17183,4
17786,4
17181,9
17675,2
2296,10
17777,10
17600,10
17159,1
17597,8
17762,8
1986,5
17934,5
17924,5
2169,7
17607,10
17806,9
1827,2
1768,2
2182,2
2382,4
1928,4
18014,9
17826,9
2097,7
2242,7
1988,2
17714,10
2351,7
17775,3
2297,8
2178,1
2159,1
2008,1
2147,1
2232,5
1968,6
2393,6
17356,9
1854,9
17868,9
17803,9
17983,9
1850,9
17663,10
2215,2
2014,2
2124,2
2364,3
17825,10
1561,5
2109,6
2412,6
2408,6
1810,6
2405,6
2413,6
1523,6
2253,6
1604,6
2401,6
2106,6
1567,6
2339,6
2411,6
2402,6
1616,6
1594,6
17185,6
2083,1
1732,2
2219,2
2027,6
2210,2
1740,7
2149,7
1686,1
2300,7
2045,7
1976,7
2344,6
1999,8
1875,8
1710,7
17661,3
17409,3
17501,3
17418,3
17773,3
18012,10
17795,8
2004,2
1907,4
17958,4
17175,4
17142,4
17166,4
1645,5
17430,9
2269,2
2262,2
1994,2
2113,2
17580,2
17556,2
18029,2
17318,2
17827,2
17527,2
17187,2
17493,2
17072,2
17659,2
17853,2
17744,2
1812,7
2179,7
1647,7
2116,7
2223,7
17878,3
17711,3
2285,6
2293,7
1897,4
1936,3
17208,4
17676,4
18005,6
1797,1
1838,9
2121,9
1903,9
2080,9
2079,9
1722,9
2193,9
2195,9
2194,9
2033,9
1922,9
2199,9
2030,9
1940,9
2168,9
2175,9
2160,9
1894,9
2131,9
2130,9
1915,9
1805,9
2125,9
1618,1
2015,2
2251,1
1676,1
1578,1
1878,1
2228,1
2245,1
1714,1
2029,1
1779,9
1633,9
2206,9
2138,6
2279,6
2003,3
2324,5
1672,5
2040,3
17095,2
17270,2
1534,5
2230,5
1896,5
17233,5
17296,5
17214,5
2177,2
1550,1
1577,1
1562,1
17560,2
17668,7
1834,7
2099,5
2259,9
2276,9
2366,9
17116,1
17858,1
17559,1
17965,1
17845,1
17503,1
2272,8
17537,1
17298,1
17141,1
17536,1
17247,1
17452,1
17672,1
17899,5
17669,2
17991,7
17706,10
17462,8
17655,7
17767,2
17195,6
17310,6
17892,7
17400,7
1912,7
1788,7
1809,7
1892,7
1683,7
1619,7
1828,7
1777,7
1863,7
1614,7
17647,7
17946,7
17680,7
17589,7
17554,7
17978,7
17278,7
17729,7
17542,7
17863,7
17388,7
17885,7
17814,7
17801,7
17576,7
17226,7
17797,7
17272,7
17474,7
1730,7
2038,7
1861,7
17911,2
1731,2
17960,2
2372,1
1847,1
17126,7
17764,3
17768,7
17250,7
2357,7
2016,7
2112,7
2052,7
2303,7
2286,7
2229,7
2102,7
17413,7
17333,9
17115,9
17757,8
1927,8
1715,2
17891,4
17776,4
17369,4
17922,4
17478,10
17568,1
17352,1
17458,1
17772,7
17755,1
17691,1
2398,2
17231,3
17235,8
17808,8
17884,8
17718,8
17450,8
17893,8
17303,8
17440,5
17362,5
2018,1
1560,5
1677,6
1558,6
2060,1
1781,6
2292,6
1960,7
1848,7
1709,7
1776,7
1934,10
17506,10
17200,10
17164,10
1859,2
1906,2
2153,2
2354,2
17919,2
17703,2
17721,2
17747,2
2389,2
1684,8
2095,8
2307,8
2365,8
2010,8
2096,8
2084,8
1603,8
1870,8
17517,8
17910,8
17133,8
17281,8
17594,8
17532,8
17683,8
17460,8
18011,1
17981,1
17873,7
17439,7
17865,7
17613,7
1556,1
1565,1
2268,8
17587,8
17376,8
17171,8
17190,8
17695,8
17890,8
17299,8
17265,8
17403,8
17345,8
17264,8
17584,8
2132,7
17940,2
17150,2
17778,2
17287,2
17581,2
17283,2
17192,2
17766,2
17444,2
17484,9
1932,6
17945,6
18015,6
1609,1
1608,1
2082,1
2054,1
1955,1
1589,1
2064,1
1900,1
2378,1
1719,1
1979,1
1943,1
2021,1
1815,1
1844,1
17648,9
1919,9
17332,2
1901,2
17433,2
17843,10
1697,7
18008,5
1987,5
2196,5
2282,5
1593,5
1530,5
17320,10
17470,2
17657,2
17420,2
17162,2
1729,2
17535,8
17456,8
17722,8
17347,8
2267,6
1532,6
17412,7
17639,10
1743,3
17933,4
17974,4
1628,6
1935,1
2349,1
1972,1
17889,9
18039,9
17245,9
17158,9
17633,9
17074,9
17944,9
17211,9
17284,9
18022,9
17544,9
17726,9
17334,9
17266,9
17119,9
17638,9
17193,9
17330,9
17277,9
17234,9
17189,9
17229,9
17876,9
17328,9
17386,9
2384,9
17530,9
18018,9
17130,9
17513,9
17861,9
17291,9
1540,9
17300,9
17617,10
17512,10
17622,10
17867,10
17665,10
17828,10
17948,10
2119,10
2123,10
17475,10
17431,10
18001,10
17360,10
17349,10
17743,10
17925,10
17882,10
17599,10
17660,10
17627,10
17088,10
17642,10
17465,10
17390,8
1752,8
1981,8
17606,8
17152,8
17498,8
17078,8
17358,8
17338,8
17455,8
17614,8
17407,8
17259,8
17558,8
17573,8
2068,10
18028,9
17705,7
2261,1
17373,10
17476,10
17567,10
17538,10
17727,10
17630,10
17962,10
17697,10
17575,10
17651,10
17787,10
17879,10
17681,10
1945,1
17702,1
17969,3
2092,1
2034,1
2224,1
2368,1
17446,1
2073,1
1997,7
2248,1
1787,2
1822,2
1961,2
2144,2
1737,2
1668,2
1574,2
1622,2
1699,2
1717,2
1630,2
1575,2
2375,2
2260,2
1829,2
1661,2
1882,2
1657,2
2225,2
1831,2
1533,2
1625,2
1675,2
1741,2
1913,2
1791,2
2369,2
1874,2
1698,2
1996,2
2019,2
1720,2
1846,2
2397,2
1526,2
2146,2
1990,2
2090,2
2404,2
2392,2
1857,2
2371,2
2321,2
2407,2
2396,2
2089,2
2142,7
1734,10
2037,9
1662,9
2410,6
17377,6
17970,6
1888,3
17216,7
17321,8
17495,1
1786,7
2399,1
1570,6
1598,3
1527,1
1769,1
17927,4
2128,2
1747,2
1590,2
1627,6
1592,6
17756,2
1681,7
1666,5
1937,1
2020,1
1580,1
1826,1
1638,1
1814,1
1701,1
17177,1
17197,1
17262,1
17398,1
17121,1
2140,3
1869,3
2141,3
2176,2
18040,2
17205,5
1793,6
2374,10
2108,10
17616,1
1820,7
17784,2
17682,6
17710,4
17869,1
17809,1
17908,4
2192,2
17539,3
17491,8
1952,3
1607,8
17238,1
17637,2
17486,2
17590,2
17839,2
17824,2
17591,2
17636,2
18007,2
18037,2
17375,2
17477,2
17564,2
17685,2
17841,2
17541,2
17454,2
2162,2
1917,2
2249,2
2067,2
1799,2
17220,6
2069,10
2217,10
1591,10
2133,3
17870,8
1543,3
17914,8
1970,7
1867,7
1971,7
17094,3
2265,4
17823,1
17745,1
17280,1
17196,1
17738,1
2352,4
1816,4
1873,4
2388,8
17997,2
17615,2
17664,7
17482,7
17172,9
17650,9
17643,9
17442,9
17428,9
17451,9
2170,6
1910,6
2328,6
2114,6
17830,6
2327,6
17167,4
17497,4
17496,4
18041,4
18043,4
17781,1
17392,1
17304,1
17840,2
17851,2
17844,2
1615,10
17887,6
17837,1
17610,1
17510,1
17588,1
17774,1
17687,1
2353,1
2166,1
2331,1
2094,1
1921,4
17492,2
17276,2
17987,7
17505,7
17434,7
17203,7
18013,7
17716,7
1712,7
1807,7
17106,7
17289,7
2066,7
1811,7
17524,5
2358,3
2400,5
17111,7
17098,7
17112,7
17075,7
1651,1
1531,7
17244,1
17732,1
17509,1
17629,1
17348,1
17329,1
1939,1
17811,8
17780,8
17297,8
2379,5
17254,5
17441,5
17248,5
17368,5
17534,5
17523,5
17184,4
17165,1
1583,1
1839,5
1582,5
17857,5
2071,10
17120,4
18027,7
18036,7
17437,7
17733,7
17902,7
17880,7
17943,7
17504,7
17698,7
17307,7
17256,7
17169,7
1659,6
17689,6
17692,6
17701,6
2022,2
2056,2
17438,4
17085,4
17077,4
2158,4
2174,4
2186,4
2048,4
1727,4
1884,4
1702,4
1837,4
1667,4
1842,4
1806,4
1554,4
2305,4
1738,4
1679,4
2190,4
1648,4
1693,4
1650,4
1525,4
1535,4
1631,4
1876,4
2163,4
2184,4
2007,4
2009,4
1643,4
1524,4
1925,4
2039,4
17314,4
17146,4
17160,4
17355,4
17091,4
17156,4
17174,4
17213,4
17432,4
17176,4
17084,4
17282,4
17179,4
17585,4
17366,4
17083,4
17228,4
17688,4
17240,4
17257,4
17399,4
17586,4
2183,4
2403,4
1783,8
2289,8
1998,8
17920,4
17624,7
17740,7
17751,7
17794,7
17677,7
2326,7
17623,5
2274,5
17903,4
17562,6
2390,8
2155,4
1612,1
1585,7
1528,5
1757,5
1551,5
2198,2
1989,3
1664,2
1841,2
1957,7
2218,2
1843,8
2126,10
2211,2
1529,10
2416,6
1830,2
2207,3
1555,5
1685,2
1746,5
1588,8
17378,4
17507,4
17985,2
18016,2
18017,2
1840,2
1568,2
17449,6
1566,9
17998,6
17545,6
17855,6
17198,6
17619,6
17746,6
17679,6
17269,6
17279,6
18032,6
17968,6
17239,6
17598,6
17862,6
1872,7
2381,7
1754,7
2011,7
2257,7
1860,7
2120,7
2256,7
1755,7
2208,7
17834,2
1687,10
2409,10
1883,10
1980,10
1660,10
18009,4
17137,4
17351,4
17147,4
17155,4
17578,4
17754,4
17856,6
17402,6
17800,6
17292,6
1642,6
2053,6
2042,6
17579,6
17900,6
2343,5
1853,5
2002,5
1916,5
2350,5
2136,5
17649,5
17896,5
17294,5
17313,5
17105,5
17480,5
17566,5
17404,5
17263,5
17336,5
17467,5
17285,5
17894,5
18002,5
17959,5
2385,6
2075,6
2105,6
2100,6
1641,6
2005,6
1794,6
2337,6
12586,1
11444,6
11445,6
11648,10
12328,6
11022,9
10853,10
12387,5
12400,5
10499,3
12342,2
12301,2
12340,2
10650,3
11018,1
11937,1
12214,1
12242,1
12231,1
10616,3
10602,3
12449,5
12296,5
12448,5
12457,5
12456,5
12336,5
12307,2
11229,8
11203,8
11469,1
12248,2
11049,6
10919,6
12207,9
10491,10
12303,3
12367,3
12274,3
12298,3
12360,3
12304,3
12364,3
10532,10
10418,10
12066,4
12228,9
11602,10
11607,10
11391,6
12594,2
11521,10
11564,1
10873,3
11518,10
11525,10
11464,10
11432,6
11591,10
11482,10
11578,9
11856,7
11946,6
12000,6
11971,6
11977,6
12026,6
12103,6
11890,6
12051,6
12075,6
11967,6
11992,6
12110,6
12112,6
11959,6
12104,6
11958,6
11978,6
12068,6
11973,6
11972,6
12109,6
12105,6
11675,3
11761,3
11702,3
11688,3
10672,6
11058,1
11081,4
10797,4
11114,4
11119,4
11247,4
11169,4
11296,4
12525,2
12467,9
11968,3
12062,3
12084,3
12006,3
12120,3
11957,3
12002,3
12016,3
11845,10
11836,10
12193,10
12131,10
11762,10
11764,10
10606,2
11718,2
11918,10
12265,1
12279,1
12351,1
12354,1
12684,9
12625,9
12657,9
12580,9
12588,9
12689,9
12612,9
12603,9
12628,9
11226,9
12439,9
12350,9
12659,9
11213,9
11277,4
11164,8
10758,8
11204,8
11209,8
11300,8
10763,8
11212,8
11278,8
11627,8
10476,8
10951,8
10887,8
11792,8
10878,8
11954,3
12621,2
11666,2
12224,3
11223,8
12200,8
10907,8
10967,8
10934,8
10733,8
10783,8
11252,8
10714,8
11003,8
10698,5
10377,5
10441,5
10374,5
10551,5
10382,5
12680,3
12595,3
12618,3
12687,3
12481,7
12499,7
11829,7
12511,7
12256,7
12461,7
12329,7
12326,7
12294,7
12431,7
12407,7
12175,7
12325,7
12402,7
12293,7
12430,7
12308,7
12395,7
11922,7
12107,7
12468,7
12428,7
12464,7
12401,7
12699,1
12480,7
11726,3
11481,3
11256,8
11152,8
11288,8
11303,8
11771,6
11996,6
11731,6
11734,6
11997,6
11801,6
11800,6
11939,6
11724,6
11649,6
11831,6
11706,6
11690,6
11680,6
11555,2
11558,2
11559,2
11567,2
11524,2
11581,2
11556,2
12405,5
12404,5
11351,4
11316,4
11329,4
12096,2
12095,2
12058,2
12022,2
12092,2
12019,2
11865,2
12181,2
12077,2
11013,4
10680,3
12602,1
11363,1
11207,6
12389,5
12438,5
12306,9
11621,4
12427,9
12444,1
11197,2
10827,2
10342,2
11088,2
11189,2
11546,2
11237,2
10843,2
10346,2
11249,2
10566,2
11134,2
11159,2
11409,2
10832,2
10701,2
10762,2
10656,2
11055,2
10953,2
10637,2
11271,2
11367,2
11121,2
11090,2
11095,2
10450,2
10359,2
10527,2
10894,2
10393,2
10456,2
10383,2
10496,2
10370,2
11225,2
11089,2
11181,2
10790,2
10984,2
11307,2
11187,2
11166,2
10638,2
10363,2
11008,2
10860,2
10831,2
10848,2
11131,2
11126,2
10462,2
10391,2
10439,2
10352,2
10583,2
11092,2
11324,2
10349,2
10381,2
10750,2
11222,2
11199,2
10538,2
11635,2
11107,2
11102,2
10372,2
10375,2
11262,2
10489,9
10947,9
10586,9
11803,9
11705,9
11001,9
10858,9
10844,9
11646,9
10759,9
10591,9
10457,9
10384,9
10679,9
10948,9
11056,9
11075,9
10973,9
10644,9
10520,9
10429,9
10664,9
10500,9
10431,9
10350,9
11270,9
11154,9
11360,9
11246,9
11186,9
11140,9
11177,9
11100,9
10426,9
10674,9
11065,9
10403,9
10726,9
10535,3
10428,3
12247,1
12486,1
12202,1
11952,1
12250,1
12504,1
12508,1
11025,4
11653,4
11779,4
11826,4
11814,4
11808,4
10778,4
11839,4
10927,4
10704,5
11133,2
12475,7
12373,7
12323,7
12365,7
12300,7
12125,7
12251,7
12359,7
11014,4
10882,4
11986,4
12134,4
10395,4
10816,4
12032,4
11438,4
12090,4
11426,4
10475,4
10956,4
11071,4
10889,4
11425,4
11475,4
11549,4
11897,4
11418,4
10521,4
10876,4
11674,4
12415,9
12099,4
11304,2
11273,2
11219,2
11366,4
11483,9
11942,2
12434,2
12276,1
11579,9
10348,4
12361,2
11050,3
11182,4
11760,8
11175,8
11334,8
11359,8
11258,8
11368,8
11599,8
11290,8
11299,8
12541,2
11618,2
12498,2
12592,6
12524,1
12677,2
12660,5
12370,2
12315,2
12470,5
12339,2
10531,1
12678,3
12635,3
12676,3
12681,3
12245,1
12632,2
12682,1
12587,2
10365,4
10621,4
12667,9
12674,8
12535,8
10686,8
12620,8
12670,8
12593,8
11778,8
12665,8
12597,8
12537,8
12610,8
12614,8
12607,8
12565,8
12609,8
12545,8
12539,8
12569,8
12533,8
12562,8
12675,8
12649,8
12523,8
12522,8
12549,8
12655,8
12671,8
12582,8
12530,8
12572,10
10905,9
11038,9
12666,1
12637,2
11517,9
11595,9
12137,2
12126,2
11969,2
12052,2
12159,2
11859,2
11994,2
11920,2
11872,2
12148,2
12011,2
12087,2
12078,2
12151,2
12089,2
11901,2
12063,2
11893,2
11905,2
11935,2
12081,2
11921,2
11910,2
12037,2
12147,2
12074,2
11851,2
12036,2
11874,2
12038,2
12055,2
11976,2
11887,2
12045,2
11911,2
12072,2
12160,2
11899,2
11864,2
12009,2
12556,4
12532,4
12702,6
11369,1
11293,4
11099,6
12299,1
12432,1
11447,6
10595,6
10970,6
10619,6
12144,1
10731,3
10744,3
10725,3
10874,3
10903,3
11066,3
11061,3
11736,3
11907,3
10413,3
10883,3
10720,3
10727,3
10906,3
10944,3
10799,3
10854,3
11676,3
10859,3
10814,3
11662,3
10809,3
10840,3
10636,3
11002,3
10708,3
10735,3
10739,3
10776,3
10810,3
10760,3
10974,3
10768,3
10998,3
10958,3
10683,3
10577,3
10895,3
10511,3
10823,3
10576,3
10451,3
10544,3
10614,3
12502,2
10999,1
11657,1
12679,4
11988,1
11891,1
10694,1
11879,1
11861,1
11906,1
11964,1
10628,1
10503,1
11974,1
11900,1
10807,1
11936,1
11781,4
10466,2
10355,2
10486,2
10340,2
10490,2
10440,2
11146,2
11239,2
11243,2
10366,2
10417,2
10392,2
10488,2
10360,2
10506,2
10660,2
10389,2
10554,2
10386,2
10667,2
10367,2
10437,2
11512,8
12067,8
11699,7
12195,6
11279,4
11998,3
12162,3
11673,2
12088,2
11999,2
11647,2
11665,2
12056,2
12176,2
12169,2
12290,2
12083,2
12115,2
11634,2
11640,2
12012,1
11427,10
11582,2
11540,2
11500,2
11495,9
11463,2
11782,2
11751,2
11780,2
11837,2
11783,2
11805,2
11812,2
11834,2
11820,2
11542,2
11439,2
11570,2
11379,9
11388,9
11588,2
10813,10
12108,7
11538,10
11592,9
10712,3
12654,8
10528,9
10594,9
10446,9
11330,3
11631,1
10921,10
10955,10
10899,10
11054,10
11545,8
11422,8
11523,8
11547,8
11487,8
11431,8
11465,8
11047,8
10857,8
11036,8
11430,8
11326,8
11429,8
10653,8
11349,8
11015,8
10941,8
11476,8
11516,8
11419,8
11459,8
11552,8
11553,8
10646,8
11373,2
11685,6
11600,6
11250,6
11423,6
11473,6
11449,6
11609,6
11593,6
11455,6
11732,6
11338,4
11651,2
11748,2
11677,2
10485,2
10448,2
10401,2
11740,2
10795,2
12357,2
11867,2
11956,2
11932,2
11993,2
11933,2
12149,2
12143,2
12152,2
12156,2
12069,2
11938,2
12021,2
11529,1
11678,10
12136,10
11077,10
10910,10
12135,10
11849,10
11060,10
11723,10
12138,10
12093,10
11070,10
12130,10
11785,10
11787,10
12080,10
10709,10
11934,10
10884,10
10738,10
10753,10
10410,10
12098,10
11017,10
11072,10
11004,10
10936,10
11006,10
11638,10
11716,10
10978,10
10601,10
11450,9
11491,9
10865,8
12506,8
11852,9
10678,10
10945,8
11257,8
11453,2
12553,8
11108,9
11103,9
11214,9
11809,3
11033,4
11281,4
11628,2
12082,2
11478,2
11467,2
12064,2
11626,2
11551,2
12124,2
12020,2
11502,2
11633,2
12129,1
11315,1
11511,10
10987,10
12571,10
12201,4
11915,4
12305,4
12338,4
12267,4
11709,8
11156,1
11254,1
11091,1
11168,1
11287,1
11130,1
11353,1
11345,1
11128,1
11160,1
12008,10
12046,10
12585,10
11940,8
10468,8
11811,8
12167,8
11821,8
11672,8
11941,8
11701,10
10833,10
10908,10
10675,2
11798,9
12170,6
11668,3
10715,2
10421,3
10592,3
10687,3
11850,3
11446,6
11352,5
12575,10
11617,10
11494,10
11448,10
12161,5
11499,9
11232,10
11196,10
11297,10
11385,3
11479,3
11565,3
11704,3
11509,3
11454,3
11489,3
11606,3
12646,6
12691,6
12662,6
12656,10
12599,10
12557,10
12590,10
12574,10
11775,10
12638,10
12528,10
12663,10
12546,10
12573,10
12652,10
12544,10
12529,10
12591,10
12651,10
11195,10
12579,10
12688,10
10517,10
12636,10
12555,10
12623,10
12608,10
12604,10
12563,10
12653,10
12658,10
12685,10
12540,10
11153,10
12578,10
10412,10
12576,10
11948,3
11963,3
12033,3
12025,3
11824,3
11755,3
11810,3
11827,3
11819,3
11822,3
11697,3
11757,3
12182,3
10706,3
12352,3
11945,3
10629,3
11883,3
10358,3
11046,3
11118,3
10819,3
11028,3
11044,3
11679,3
10960,3
10990,3
10643,3
11943,3
10886,3
10781,3
10888,3
11125,4
11370,10
12450,5
12330,9
11332,4
12187,1
11816,4
11749,4
11815,4
11698,4
12048,4
11251,2
11289,2
11150,2
11132,2
11193,2
11335,2
11109,2
11200,2
11105,2
11117,2
11124,2
11123,2
11129,2
11094,2
11098,2
11087,2
11325,2
11086,2
11136,2
11285,2
11205,2
11101,2
11170,2
11111,2
11106,2
11371,2
11096,2
11291,2
11097,2
11215,2
11302,2
11265,2
11171,2
11162,2
11344,2
11184,2
11228,2
11180,2
11644,2
11112,2
11148,2
11231,2
11268,2
12139,1
12059,2
11093,4
12001,3
11903,3
12031,3
12027,3
11919,3
11914,3
12005,3
12178,3
12023,3
11895,3
11191,3
12249,3
10647,3
12295,3
11929,3
10648,3
11902,3
12029,3
11947,3
11904,3
12213,3
12227,3
12253,3
11917,3
12155,3
11931,3
12233,3
11985,3
11877,3
11875,3
12223,3
11981,3
12230,3
12346,3
12119,3
12205,3
12212,3
11221,3
11991,3
12208,3
11866,3
12117,9
11531,4
10787,10
10713,10
10748,10
10774,10
10828,10
10939,10
10752,10
10707,10
10806,10
10604,10
10524,10
11043,10
10494,10
10977,10
10983,10
10769,10
10805,10
10954,10
10849,10
10718,10
10745,10
10838,10
10724,10
10764,10
10803,10
10866,10
10798,10
10722,10
11064,10
10959,10
11142,2
11415,9
11488,10
11480,10
11496,9
11498,9
11399,9
11390,9
11305,2
11320,2
12278,5
12451,5
12445,2
10962,1
12007,5
11501,6
11417,6
11375,6
11392,6
11435,6
11503,6
11411,5
12040,5
10542,6
10424,6
10498,6
10639,6
10420,6
10562,6
10369,6
10526,6
10419,6
10670,6
10471,6
10425,6
10677,6
10668,6
10341,6
10615,6
10640,6
10593,6
10357,6
10659,2
10613,6
10682,6
10546,9
10536,9
10624,9
10555,9
10484,9
10356,9
11862,9
10404,9
11796,4
12349,4
12166,4
11987,4
12071,4
12521,4
11601,1
11717,1
10427,3
10445,3
10794,3
11053,3
10837,3
10920,3
10915,3
10740,3
10773,3
10784,3
11030,3
11458,10
11543,9
11456,9
11541,9
11569,9
11610,9
11577,9
11596,9
11603,9
11608,9
11620,9
11616,9
11590,9
11562,9
11612,9
11597,9
11589,10
11477,9
11416,9
10630,4
10742,3
10766,3
10620,3
10631,3
10721,3
11051,3
10780,3
10821,3
10608,3
10940,3
10747,3
11347,3
11652,3
11658,3
11010,3
11035,3
10965,3
10946,3
10841,3
11173,3
10856,3
10478,3
10989,3
10804,3
10864,3
10863,3
10896,3
10829,3
10975,3
11048,3
10930,3
10777,3
10943,3
10980,3
10757,3
10901,3
11039,3
10850,3
10736,3
10749,3
10746,3
10741,3
10911,3
11007,3
10796,3
10855,3
10775,3
11655,3
10779,3
10968,3
10732,3
11770,8
11707,8
11788,8
11756,8
10717,8
12512,8
10949,8
10817,8
10788,8
10928,8
11795,8
11793,8
11507,8
11777,8
10792,8
11784,8
11692,6
11799,6
11700,6
11686,6
11684,6
10995,6
11654,6
11660,6
11693,6
11484,6
12061,6
11643,6
11713,6
11669,6
11019,6
11681,6
12441,5
11719,4
12393,8
11210,3
11202,3
11116,3
11190,3
11192,3
11264,3
11313,3
11194,3
11283,3
11295,3
10933,6
10900,6
11084,5
11365,2
11319,4
11240,1
11120,4
11436,8
11817,7
11807,7
11766,7
11823,7
11833,7
11758,7
11765,7
11298,7
11466,3
10537,3
12157,2
12164,1
12406,8
12142,1
12163,1
12004,1
12057,1
11818,8
11650,8
11414,9
11451,9
11440,9
11580,9
11536,9
11664,9
11574,9
11537,9
11410,2
11402,9
11539,9
11708,9
10935,9
10836,9
10942,2
11535,9
10988,9
11396,9
11078,9
12536,4
12496,10
12505,10
12292,10
12291,10
12280,10
12411,10
12321,10
11689,8
12203,8
10761,8
12494,5
12344,5
12334,5
12049,5
11789,10
11506,9
11585,9
10599,5
10623,5
10598,3
10925,5
10540,5
11791,2
11774,2
11682,2
11694,2
12466,2
11990,2
10501,2
11955,2
10996,2
11020,2
10964,2
12010,2
10786,2
12128,2
12086,2
11639,2
10730,2
12241,2
11661,2
10839,2
11361,2
11623,10
12190,10
10800,10
10770,10
11082,1
10932,1
11208,2
10868,5
10993,5
11983,10
12165,10
11979,10
12191,10
11949,10
12132,10
12198,10
12113,10
12188,10
12042,10
11923,10
11327,1
12186,1
12548,1
11830,1
12419,1
11110,7
11848,6
10916,2
12492,9
12412,9
12423,9
12478,9
12343,9
12236,2
12425,9
12261,1
12362,2
12216,1
11753,6
11750,6
11752,6
11982,3
11745,9
10587,2
12516,9
12079,3
12100,1
12493,9
11233,4
12410,9
12413,9
11721,6
11754,6
12310,9
12417,9
12309,6
11670,6
12257,6
11729,4
11733,4
12239,6
11005,1
12277,6
12258,6
12347,4
11322,7
12015,7
11421,6
11497,6
12433,1
10443,1
10343,1
10522,1
12613,4
12356,3
12513,3
12491,3
12375,3
12372,3
12459,3
12455,3
12376,3
12283,3
12327,3
12503,3
12116,3
12268,3
12378,3
12381,3
12519,3
12388,3
12158,3
12111,3
12385,3
12316,3
12396,3
12409,3
12377,3
12271,3
12366,3
12047,3
12225,3
12282,3
12476,3
12487,3
12371,3
12314,3
12313,3
12380,3
12262,3
12379,3
12287,3
12489,3
12382,3
12311,3
12154,3
12260,3
12353,3
12398,3
12454,3
12462,3
12386,3
12384,3
12369,3
12447,3
12394,3
12490,3
12240,3
12465,3
12650,3
11696,8
12333,8
11908,8
11294,8
10379,8
10398,8
10512,8
10436,8
11011,8
11898,8
10480,8
12331,8
10676,3
10693,3
11742,4
11321,4
11241,4
11350,4
11306,4
11198,4
12416,9
11029,8
11016,8
11009,8
10966,8
11286,4
10556,3
10609,3
10433,3
10378,3
10399,3
10622,4
10452,4
10699,4
10495,4
10479,4
10661,4
12289,2
11530,7
11312,6
11275,6
11255,3
11557,3
11485,1
11835,6
12515,9
12322,9
11000,4
12275,5
12319,5
12526,2
11951,10
10789,1
12443,2
12440,2
12453,5
11165,6
11135,9
11235,9
11490,10
11267,9
11143,9
10756,9
11245,9
11348,9
10652,9
10685,9
10492,9
12527,9
12596,9
12584,9
12567,9
11052,9
12643,9
11045,9
12606,9
12631,9
12551,9
12668,9
12581,9
10890,9
11032,9
11358,9
11357,9
11163,9
11248,9
11346,9
11211,9
11337,9
11242,9
10845,9
10596,9
10518,9
12554,9
11185,9
11218,9
10820,9
10812,9
10765,9
10869,9
11301,9
11728,9
12531,9
10692,9
10734,9
10657,9
12669,9
10700,9
10626,9
10691,9
10570,9
10705,9
10533,9
10541,9
12534,9
10633,9
12598,9
12634,9
12644,9
10902,9
10575,9
10409,9
10473,9
10641,9
10519,2
10567,2
11260,8
11314,8
11424,10
11452,10
11855,10
10627,10
11408,9
10634,6
10611,1
10673,1
10351,1
11457,10
11493,1
11172,1
11474,1
11625,1
11533,1
11504,1
12391,8
10957,9
12243,5
12399,5
12520,8
12252,8
11727,8
12368,2
11730,8
12474,8
11869,2
12013,2
12014,2
11282,5
11561,5
10635,3
10671,3
10547,3
10578,3
10408,3
10684,3
10589,3
10347,3
10385,3
10557,3
10362,3
10573,3
11613,5
11342,2
11266,5
10453,7
10461,7
11790,2
11743,2
10923,2
11079,2
10463,2
11024,2
10432,2
10552,2
10516,2
10897,2
10376,2
10560,2
10834,10
11642,10
10979,10
10767,10
12611,1
12564,1
12220,7
11769,4
11554,1
11406,1
11527,1
11472,1
11397,1
11615,6
11560,1
11461,1
11594,1
11573,1
11598,6
11510,10
11412,1
11605,6
11522,6
11520,1
11584,1
11528,1
11604,1
11428,1
11572,10
11575,1
12559,8
12383,2
12552,2
12696,2
12627,2
12640,2
12633,2
12630,2
12617,2
12629,2
12518,2
12615,2
12641,8
10509,5
10754,10
10891,10
10963,10
11671,10
11659,10
11404,9
11544,2
10493,1
12616,2
12622,2
12561,1
12698,1
12605,1
12601,1
12693,1
12695,1
12694,1
12686,1
12647,1
12648,1
10549,3
10415,3
10402,3
10772,3
10530,3
10539,3
10513,3
10751,3
11641,5
11023,5
10497,5
10835,5
10992,5
10808,5
11073,5
12473,9
11624,1
11611,1
11711,1
11695,1
11844,1
11840,1
11813,1
11519,1
11619,1
11513,1
11514,1
11828,1
11738,1
11838,1
11712,1
11492,1
12070,1
11471,1
11715,1
11896,2
12141,2
12179,2
12050,2
11885,2
12030,2
12054,2
11970,2
10785,1
11372,2
12497,9
10710,6
10702,6
10388,6
10354,6
11508,9
10893,1
12624,1
12701,2
11759,9
11876,1
12507,2
11311,8
11468,9
12222,4
12273,1
12232,1
10469,5
11340,5
11178,5
10405,5
10569,5
10406,5
10338,5
10574,5
10353,5
10584,5
10345,5
10368,5
10558,5
10435,5
10380,5
10571,5
10364,5
10625,5
10442,5
10483,5
10434,5
10515,5
10529,5
10510,5
10387,5
10371,5
10482,5
10645,5
10605,5
10458,5
10743,10
10716,10
10981,10
10912,10
10931,10
12269,6
12358,6
12488,6
12121,6
12403,6
12218,6
12235,6
12484,6
12317,6
12463,6
12517,6
12234,6
12501,6
11926,6
12034,6
10689,3
12180,6
12510,5
12355,5
12302,5
12626,8
12700,8
12642,8
12577,8
12558,8
12568,8
12550,8
12639,8
12266,2
12255,1
12246,1
12215,1
11548,2
10663,2
11586,10
10581,6
10870,6
11773,2
11882,4
11317,4
11157,4
11216,4
12106,4
11309,4
11888,4
11858,4
11236,4
11147,4
11894,4
11183,4
11310,4
11614,4
12073,4
11944,4
12018,4
12039,4
12211,4
11953,4
11892,4
11962,4
11930,4
11966,4
12206,4
11878,4
11880,4
11854,4
12101,4
11629,1
12140,3
12429,3
12226,3
12452,3
11960,3
12374,3
11873,3
11860,3
11928,3
11961,3
12238,5
10585,7
10617,7
11925,4
12197,7
10474,9
11158,7
11113,7
11141,7
11263,7
11339,7
11714,2
11269,1
11280,1
11354,1
11144,1
11138,1
11272,1
11253,1
11230,1
11104,1
12133,10
12619,7
11220,7
12286,1
12122,2
12229,10
10654,2
12272,6
12017,1
11884,1
11870,1
10690,7
11744,2
11924,4
11284,9
12479,8
12397,8
10444,3
10603,3
12538,2
12324,1
12237,9
12217,1
12221,1
12281,1
12219,1
11912,5
12469,9
12390,9
12392,4
12024,6
12259,9
12345,9
12485,2
12168,4
12335,9
12414,9
12348,9
12500,9
12422,9
12458,9
12483,9
12341,9
12418,9
12424,9
12297,4
12460,9
12477,9
11149,10
12284,4
12244,2
12426,9
12482,9
12337,9
12332,9
12472,9
12421,9
10825,1
12285,9
11355,1
11389,3
11380,2
11063,2
11381,2
11407,2
10929,2
11057,2
10922,2
10969,2
11413,2
11442,2
11376,2
12053,3
12177,3
11886,3
12183,3
12172,3
11871,3
12127,3
11188,4
11139,4
12210,10
10548,1
10422,1
10394,1
12085,1
11486,7
10771,8
10913,8
12697,2
12645,9
12560,3
11832,4
10997,4
12123,4
11741,4
12153,10
12672,3
11776,1
11441,6
10815,10
11913,9
11331,3
11261,3
11687,3
12664,1
11227,1
11362,1
11155,1
11276,1
11259,8
11343,1
11532,2
11115,2
11384,2
10861,2
11238,3
10822,2
11683,10
11746,1
11797,10
12690,2
12570,2
12661,2
11576,10
11583,1
10553,1
12312,9
11176,1
11224,1
11336,1
10607,2
12683,9
11174,1
11167,1
11137,1
11085,1
11083,1
11794,8
11989,2
12583,7
11206,10
11062,2
12318,8
12264,8
12514,8
11739,2
11571,10
12446,5
12270,1
11663,4
12692,7
12673,3
12566,3
12543,3
12589,9
12437,5
12436,5
12435,5
11127,2
11735,5
10564,1
11068,1
10877,1
12542,2
12320,2
12420,9
11868,4
11526,10
11747,1
11710,1
11691,1
11630,10
11505,2
11443,2
11470,2
11772,2
11841,2
11763,2
11847,2
11804,2
11722,2
11725,2
11767,2
12471,9
11434,5
11622,5
11145,5
11398,5
11462,5
11420,5
11534,5
11587,5
11563,5
11515,5
11802,3
11786,8
12495,9
12408,9
12003,1
11916,1
12194,1
12028,1
12196,1
11980,1
12076,1
12173,1
12145,1
12185,1
12199,1
11909,1
12102,1
12150,1
12146,1
11965,1
12189,1
12171,1
12192,1
12035,1
12118,1
11857,1
11333,9
11244,9
11356,9
10572,1
10534,1
10416,3
10697,3
10600,3
11550,2
11703,2
11393,2
10400,2
10460,2
10842,2
10487,2
11383,2
10662,2
10543,2
10582,2
10465,2
10681,2
11437,2
10559,2
11403,2
10454,2
10580,2
10737,2
10719,2
10826,2
10791,2
10846,2
10793,2
10669,2
10711,2
10847,2
10729,2
11568,2
10917,2
10881,2
11074,2
10561,2
10612,2
11636,2
11656,2
11395,2
11401,2
10872,2
10830,2
10904,2
11667,2
11067,2
11637,2
10851,2
11080,2
11405,2
11433,2
11394,2
10952,2
11076,2
10811,2
10880,2
10590,2
10696,2
11318,6
11151,6
11386,1
11382,1
11374,1
11378,1
11377,1
12060,8
12442,5
11881,1
10914,8
11308,8
11069,8
10361,8
10982,8
10597,8
11021,8
10898,8
11034,8
10550,8
10464,8
10411,8
10991,8
11323,8
11274,8
10924,8
10523,8
10802,8
10449,8
11863,8
11387,8
10502,8
10588,8
10565,8
11042,8
10525,8
10447,8
10477,8
10971,8
12547,8
10632,8
10545,8
10658,8
10373,8
10610,8
10649,8
10703,8
10455,8
12209,8
11040,8
10986,8
10505,8
10723,8
11292,8
10396,8
10481,8
10867,8
10985,8
10390,8
11364,8
10651,8
11328,2
10782,2
10824,2
10655,2
10508,2
10467,2
10470,2
10414,2
10875,2
11026,2
10818,2
10892,2
10909,2
10728,2
10695,2
10423,2
10961,2
10879,2
10801,2
10666,2
11737,5
11632,6
12204,6
11645,6
11843,3
12263,2
12094,1
12041,1
12114,1
12184,1
11927,1
11984,1
12363,4
11460,9
11950,5
12044,1
11201,8
11889,5
12174,5
11122,6
11341,6
10688,1
11217,2
10618,2
10994,9
10950,9
12091,1
11400,6
10918,5
12600,5
10972,5
12254,3
11059,4
12288,9
10504,4
11768,3
10430,4
10438,4
10459,4
10563,4
10407,4
10472,4
11027,6
11720,6
11975,3
10938,3
11161,1
11234,1
11995,3
12097,1
11846,2
11842,2
11806,2
10568,4
10507,1
12065,1
11853,1
10976,1
11012,1
11031,1
10514,1
10579,1
10885,1
10871,1
10642,1
10755,1
10862,1
10937,1
10926,1
11037,3
10665,6
10397,6
12509,1
11566,9
4896,2
4626,2
4700,2
4220,2
4888,2
5005,2
4702,5
4755,5
20989,3
20861,10
21278,1
21311,10
20747,8
20984,8
20982,8
21116,8
21294,8
21137,8
21372,8
20539,8
21648,8
20700,8
21473,8
21630,8
21159,8
20887,8
20567,8
21056,8
21158,8
20754,8
21469,8
20957,8
20927,8
20892,8
21240,8
21150,8
21105,8
21488,8
20929,8
20598,8
20891,8
20572,8
21144,8
21120,8
20726,8
21043,8
20672,8
21237,8
20915,8
20783,8
20997,8
21460,8
21542,8
20918,8
21165,8
21295,8
21462,8
20880,8
21307,8
20711,8
20868,8
21248,8
21568,8
21149,8
21049,8
20990,8
20843,8
21590,8
21171,8
21600,8
21621,8
20916,8
20767,8
21429,8
20820,8
21392,8
21177,8
21065,8
21328,8
21238,8
21418,8
21224,8
20948,8
21035,8
21194,8
21146,8
20939,8
20550,8
21510,8
21643,8
21421,8
20901,8
21492,8
21608,8
21387,8
20900,8
20969,8
21209,8
4801,8
4785,8
4496,8
4614,8
4229,8
4444,8
4453,8
5053,8
4738,8
4887,8
4404,8
4934,8
4964,8
4241,8
4595,8
4545,8
4475,8
4441,8
4547,8
4653,8
4617,8
4470,8
4588,8
4792,8
4717,8
4565,8
4982,8
4847,8
4526,8
5086,8
4481,8
4787,8
4244,8
4651,8
4390,8
4560,8
4973,8
4625,8
4833,8
4472,8
5007,8
5076,8
4292,8
4662,8
4521,8
4637,8
4483,8
5045,8
4735,8
4685,8
5063,8
4817,8
4611,8
4551,8
4541,8
4272,8
4628,8
4943,8
4794,8
21201,4
21615,4
21256,4
21319,4
21164,4
20931,4
20537,4
21058,4
21051,4
21289,4
20829,4
21203,4
21111,4
21089,4
20781,4
20810,4
20932,4
20894,4
20994,4
21649,4
5061,4
4786,4
4917,4
4415,4
4996,4
4824,4
4790,4
4523,4
4645,4
4698,4
4508,4
4920,4
21109,6
21468,9
20797,9
21225,9
20977,9
5073,9
4737,9
4218,9
4255,9
21350,9
21270,9
21605,9
5070,9
4918,9
21412,1
21084,1
21266,1
4673,2
4463,2
4877,2
21508,9
21631,9
21501,9
21522,9
21094,1
20923,1
21271,1
21179,1
4839,8
4457,8
21200,2
21356,2
20928,2
21037,2
21362,2
21415,2
21330,2
21027,2
21537,2
20888,2
21420,2
21071,2
21218,1
20746,1
20842,1
21208,1
20765,1
21207,3
21499,1
5058,1
21559,1
4961,2
21021,8
21140,8
21463,8
20938,8
4860,8
21169,8
20962,8
21236,8
21359,8
21629,7
5085,4
4392,10
5000,2
21547,2
21579,7
21306,7
21582,7
21495,7
4243,7
4999,7
4819,7
4242,7
4691,7
4942,7
4744,7
4460,10
21539,7
21269,2
20772,3
21538,2
20706,3
20691,3
20790,3
21502,3
20536,3
21326,3
21355,3
21375,3
21440,3
21229,3
21551,3
21113,3
21645,3
20815,3
21458,3
20538,3
4870,10
4537,10
4539,10
4603,10
4719,10
4865,10
21000,10
20748,10
21057,10
20917,10
20958,10
20993,10
20947,10
20786,10
21132,4
4757,1
4747,1
4745,1
21023,8
21184,8
20751,8
20893,8
20619,8
21162,8
20800,8
20937,8
21448,8
21202,8
21178,8
20670,8
20535,8
4240,8
4619,8
4226,8
4868,8
5083,8
4596,8
4598,8
4447,8
4875,8
4486,8
4622,8
4936,8
4442,8
4758,8
4290,8
4907,8
4687,8
4985,8
4770,8
4639,8
4705,8
4969,8
5072,8
4796,8
4277,8
4462,8
4957,8
4491,8
4331,8
4454,8
4915,8
4476,8
20788,3
21082,3
20608,3
20586,3
20689,3
20655,3
20827,3
21386,3
21515,1
21377,1
21576,3
21416,3
21617,3
21196,3
20762,3
20575,3
21013,3
20578,3
20584,3
20620,3
20564,3
20588,3
20609,3
20587,3
20638,3
21125,3
20745,3
20649,3
21279,3
20617,3
20728,3
20895,3
20589,3
21302,3
20666,3
20573,3
20613,3
20852,3
4930,3
4369,3
4425,3
4308,3
4381,3
4879,3
4261,5
21351,9
20979,9
4566,9
4725,9
21262,3
21275,5
20913,3
21562,3
21637,3
20753,3
21250,3
20903,3
21620,3
21221,3
21632,3
21069,3
21610,3
21009,3
20796,3
21281,6
4821,6
21619,6
4634,1
4804,1
4800,6
20791,6
20877,10
4286,2
21185,7
21325,7
21491,7
20555,2
4756,2
4766,1
4694,1
4932,1
4760,1
5084,1
4874,1
4783,8
21535,10
21646,3
20959,4
20950,4
20857,4
21025,4
20624,4
20553,7
21348,7
4249,7
4236,7
4571,7
4788,7
4600,7
4511,7
4579,7
4346,7
4671,7
4228,7
5050,3
4808,3
4900,3
4519,2
4816,2
5054,2
5012,2
4813,2
4665,2
21451,8
21474,10
20705,1
21062,1
20601,1
20752,1
20616,1
20663,1
20583,1
20628,1
20763,1
20576,1
20858,1
21603,1
20833,1
20710,1
20623,1
20640,1
20658,1
21212,1
20615,1
20577,1
4335,1
4386,1
4895,1
4894,1
4302,1
4488,1
20652,1
21506,10
21442,10
21108,10
21424,10
21635,10
21602,10
21391,10
21447,10
4820,10
21211,10
21433,10
21483,10
21636,10
21261,10
21227,10
20556,10
21556,10
21235,10
21245,10
21243,10
20964,10
20673,10
20784,10
20721,10
20684,10
20733,10
21205,10
20766,10
20548,10
20724,10
21274,10
20886,10
21548,10
21276,10
21042,10
21070,10
21322,10
20667,10
21612,10
21531,10
21173,10
21520,10
21114,10
21584,10
21523,10
21155,10
21022,10
21157,10
21340,10
21622,10
20687,10
21152,10
21198,10
20983,10
20759,10
20855,10
21129,10
21050,10
20773,10
20818,10
21183,10
20936,10
20889,10
20782,10
21354,10
21471,10
20644,10
20680,10
20688,10
20848,10
4926,10
4559,10
4507,10
5014,10
4269,10
4830,10
4231,10
4923,10
4838,10
4929,10
4605,10
20804,7
20789,7
4944,7
4276,9
4387,9
4459,2
21516,3
21331,1
21640,1
21498,1
21465,1
21154,5
21344,1
21566,1
21428,1
21564,1
21431,1
21199,1
4518,2
21091,2
20787,2
21093,2
21006,2
21187,2
21406,9
21611,9
21450,5
21234,5
21215,8
21574,1
4862,1
4692,1
21504,2
21139,1
5055,3
5040,10
4768,10
20611,8
21514,6
20949,3
21525,3
21257,3
21541,3
4990,3
20999,3
4529,3
5081,3
21161,3
21244,3
21321,3
21361,3
21365,3
21360,3
4742,3
4429,3
5038,3
5002,3
21369,3
20839,10
20825,10
21310,10
20635,10
21316,10
20543,10
20540,10
20554,10
21313,10
21616,10
21214,10
20987,10
21370,10
21265,10
21060,10
21223,10
21524,10
21002,10
21252,10
4765,10
5062,10
21426,10
21123,3
21304,3
5044,7
4861,7
21102,7
21068,7
21228,7
21031,7
21133,7
4869,7
4859,7
21653,7
21512,7
21647,7
21496,7
21341,7
4988,7
4640,7
4762,7
4849,7
4256,5
21172,7
21378,7
20544,7
20717,7
20699,7
20819,7
20686,7
20645,7
20650,7
20695,7
20625,7
20741,7
20674,7
21004,7
20876,7
20682,7
21526,1
21067,1
21394,2
21385,1
21160,3
21346,3
21453,3
21626,4
21404,3
21112,3
21251,3
21101,3
20603,3
20965,3
21219,3
4305,2
20851,6
20974,6
20622,6
20602,6
20910,7
20707,7
21220,2
21417,2
21427,2
21575,2
21063,2
21048,2
21115,2
21286,2
21368,2
21226,2
21167,2
21497,2
21334,2
21486,2
21618,2
21253,2
4876,2
4607,2
4712,2
4711,2
4663,2
4357,2
4843,2
4850,2
4962,2
4922,2
4841,2
4254,2
5035,2
4446,2
4616,2
4772,2
4928,2
4216,2
4385,2
21382,1
20846,1
20879,1
20743,4
20679,4
20549,7
21550,1
21570,7
20708,4
20676,4
4293,4
4318,4
4677,10
4246,10
5036,10
4885,4
20757,6
20956,6
20961,6
20902,6
21371,6
20545,6
21088,6
21380,6
21444,6
21124,6
21353,6
21333,6
20838,6
20883,6
21545,6
21422,6
20725,6
21402,6
21650,6
21400,6
21083,6
20714,6
21066,6
21143,6
21438,6
21085,6
21015,6
20908,6
21395,6
21299,6
20881,6
20909,6
21242,6
21020,6
21393,6
20967,6
21005,6
20793,6
21493,6
20920,6
21061,6
20794,6
21254,6
21528,6
21409,6
21147,6
21593,6
21434,6
21374,6
21644,6
21583,6
21390,6
21624,6
21598,6
21594,6
21607,6
21591,6
4584,6
4904,6
4624,6
4751,6
4466,6
4606,6
4693,6
4432,6
4289,6
5025,6
4527,6
4535,6
4891,6
4247,6
5028,6
4574,6
4806,6
4225,6
4670,6
4576,6
5023,6
4423,6
4731,6
4924,6
4638,6
4822,6
5011,6
4528,6
4568,6
4536,6
4222,6
4769,2
5001,2
4749,2
4972,3
4501,3
4644,3
4707,3
4998,10
21030,7
21597,7
4832,8
4524,8
4886,8
4380,8
4597,8
4350,8
4416,8
4753,8
4980,8
4878,8
4938,8
4726,8
4648,8
4478,8
5019,8
4431,8
4916,8
4661,8
4814,8
4818,8
5075,4
21090,6
20546,6
21078,6
21318,6
20758,6
21166,6
21419,6
20899,6
21086,6
21188,1
20924,2
21076,2
21414,2
21623,2
20731,2
20988,2
21507,2
21335,2
21411,2
4522,1
4966,1
5047,5
4678,5
4919,5
4842,5
4495,5
4949,6
4778,5
5078,5
4715,5
4564,10
5080,10
4538,10
4455,10
4679,10
5037,10
20811,2
20976,2
21389,2
21536,2
21430,2
21609,2
21634,2
21309,2
20630,1
21565,2
21398,2
4734,2
20610,5
4283,5
4321,5
4408,5
20692,5
20807,5
20581,5
20657,5
20727,5
20813,5
20715,5
20607,5
20832,5
20697,5
20704,5
20716,5
20776,5
20768,5
20836,5
20713,5
20651,5
20570,5
20596,5
20565,5
20636,5
20681,5
20582,5
20805,5
20654,5
20579,5
20591,5
4274,5
4323,5
4371,5
4421,5
4343,5
4516,5
4815,5
5024,5
4433,5
4554,5
4562,5
5082,5
4324,5
4403,5
4378,5
5031,5
4358,5
4322,5
4332,5
4987,5
4914,5
4763,5
4791,5
4684,5
4764,5
5034,5
4581,5
4430,5
4657,5
5043,2
4238,2
4252,2
4866,2
4435,2
5032,2
4676,2
4307,4
4291,4
4372,4
21327,4
4280,4
4279,4
4296,4
4366,4
4340,4
4309,4
4344,4
4287,4
4275,4
4281,4
4268,4
21519,4
4315,4
4701,4
4306,4
4389,4
4282,4
4298,4
4548,4
4373,4
4509,4
4989,4
4506,4
4493,4
4803,4
4952,4
4681,4
4748,4
4295,4
4409,4
4271,4
4650,4
4892,4
4456,4
4573,4
4546,4
4609,4
4641,4
4314,4
4304,4
4468,4
5059,4
4361,4
4402,4
20552,4
20561,4
20633,4
20605,4
20668,4
20547,4
20574,4
20569,4
20660,4
20560,4
20634,4
20551,4
20618,4
20641,4
20642,4
21011,4
20595,4
20563,4
20944,4
20562,4
20694,4
20542,4
20559,4
20558,4
20798,4
20627,4
20669,4
20723,4
20557,4
20780,4
20709,4
20604,4
20637,4
4316,4
4359,4
4669,4
4356,4
4311,4
4278,4
4382,4
5049,4
4776,4
4582,4
4313,4
4294,4
4410,4
4342,4
4480,4
4312,4
4267,4
4413,4
4363,4
5042,4
4732,4
4727,4
4627,4
4530,4
4629,4
4931,4
4364,4
4773,4
4854,4
4909,4
4977,4
4723,4
4674,4
4793,4
5041,4
4437,4
4666,4
4379,4
4393,4
4419,4
4338,4
4388,4
4620,4
4958,4
4391,4
4771,4
4411,4
4656,4
4319,4
4436,4
4360,4
4434,4
4348,4
4733,4
4303,4
4333,4
4300,4
4703,4
4525,4
4351,4
4652,4
4965,4
4514,4
4621,4
4856,4
4329,4
4933,4
5090,4
4593,4
4492,4
4487,4
5026,4
4354,4
21308,8
21513,1
4908,4
5033,4
5008,4
4710,4
4327,4
5029,4
4655,4
4690,1
21455,5
20912,5
20873,5
21180,5
21007,5
20926,5
20653,5
20590,5
20597,5
20629,5
20779,5
21222,5
20661,5
20951,5
21549,5
20943,5
20756,5
21028,5
21396,5
21452,5
21233,5
21464,5
20863,5
20696,5
20905,5
20592,5
20656,5
20600,5
20599,5
21625,5
20712,5
20720,5
20869,5
20744,5
21189,5
20729,5
20960,5
21127,5
20847,5
21081,5
21163,5
20760,5
20734,5
20730,5
20995,5
21103,5
21134,5
4844,5
4893,5
4897,5
4398,5
4374,5
4284,5
4563,5
4947,5
4505,5
4724,5
4482,5
4970,5
4940,5
4383,5
4699,5
4262,5
4533,5
4297,5
5089,5
4971,5
4458,5
4883,5
4339,5
4494,5
4583,5
4667,5
4325,5
4273,5
4248,5
4618,5
4664,5
4414,5
4556,5
4428,5
4469,5
21055,5
21136,5
21047,5
4591,5
21364,1
21336,1
20698,2
21026,2
20963,1
20870,1
21443,1
21470,1
21553,6
21641,6
21399,6
21317,6
21521,6
20566,6
21241,6
21397,6
21339,6
21017,6
21614,6
21345,6
21425,6
4219,6
5022,6
4260,6
21577,6
20898,1
20930,3
20941,7
21087,1
21041,7
21587,6
21490,6
21107,6
21213,6
21511,6
20975,6
21320,6
21315,6
21628,7
4968,2
4680,2
20541,2
20693,3
20594,3
21349,3
4840,4
4370,3
4499,3
4440,3
4623,3
4880,3
4586,3
4534,3
5091,3
4490,3
4452,3
4550,3
4695,3
4426,3
4951,3
4779,4
5060,3
4941,8
21352,7
21446,7
20845,8
20841,8
21135,8
20770,8
20647,8
20626,8
20755,8
20864,8
20606,8
20904,8
21554,2
21481,8
21561,8
4912,3
21263,8
4553,8
4848,8
4299,8
4326,8
4259,8
4798,8
4686,8
4960,8
4503,8
4394,8
4396,8
4857,8
4750,8
4337,8
4384,8
4245,8
4675,8
4610,8
4906,8
4905,8
4349,8
4956,8
4214,8
4935,8
4867,8
4834,8
4422,8
4376,8
4608,8
4451,8
4515,8
4520,8
5017,8
4395,8
4439,8
4902,8
4873,8
4265,8
4782,8
4937,8
4543,8
4635,8
4570,8
4471,8
4558,8
4846,8
4836,8
4513,8
4397,8
4235,8
4730,8
4636,8
4362,8
4994,8
5021,8
4532,8
4406,8
4642,8
4561,8
4443,8
4237,8
4689,8
4709,8
5093,8
4654,8
4774,8
4450,8
4643,8
4258,8
4823,8
5013,8
4672,8
4871,8
4729,8
4420,8
4418,8
4285,8
4449,8
4716,8
5088,8
21264,8
21247,8
21651,4
21401,8
21232,8
21544,8
21029,2
21489,2
21606,2
21461,7
4953,7
4504,7
4706,7
4552,7
4555,7
4253,7
4797,7
5064,7
4549,7
4925,7
5010,7
4615,7
4759,7
4853,7
4899,7
4599,7
4795,7
4995,7
4239,7
4805,7
4658,7
5067,7
4544,7
4557,7
4473,7
4781,7
4799,7
5068,7
4594,7
21210,7
21106,7
4270,5
21040,9
4777,9
4542,9
5006,4
21586,6
21324,6
21604,6
21558,2
4668,2
20981,2
21633,9
21494,9
21280,9
20859,9
21596,9
21285,9
21080,7
21563,2
21445,2
20844,3
20925,3
21638,3
21301,3
21130,10
21487,10
21367,10
20970,10
21168,10
21567,10
21479,10
21186,10
21110,10
21001,10
21038,10
21366,10
21517,10
21588,10
21476,10
21074,10
21472,10
21573,10
21518,10
21019,10
21292,10
21141,10
21449,10
21064,10
21153,10
21435,10
21095,8
21532,8
21073,8
21053,8
21258,8
21217,8
21543,8
21439,8
21552,8
20986,8
21357,8
21533,10
5099,1
5016,1
4903,2
4502,2
4497,2
4807,2
21191,6
21530,6
21100,2
20593,2
21408,2
4347,4
4881,4
4399,4
4400,4
4784,4
20722,7
20639,7
20678,7
20685,7
20738,7
20702,7
20677,7
20719,7
20646,7
21456,7
20882,1
21077,1
21546,1
21441,2
20749,2
20806,2
21034,4
4569,4
21432,10
21601,10
21303,10
21170,10
21410,10
21581,10
21300,10
4761,10
4754,10
4901,10
4631,10
4835,10
5030,10
20834,10
21075,10
21569,10
20935,10
21534,10
21138,10
20865,10
20919,10
21413,10
21477,10
21500,10
21297,10
21204,10
4775,10
4498,10
4649,10
4945,10
4257,10
4981,10
21560,7
5051,10
4852,10
4708,10
4851,10
20866,10
21024,10
21342,10
21466,1
21509,1
21358,1
4510,10
4827,10
4864,10
21376,4
21480,6
21454,6
4613,10
5066,10
4948,10
4251,1
4233,1
4223,1
4234,1
4217,1
4264,1
4227,1
4215,1
4221,1
21293,1
4489,1
5039,1
4910,1
4368,1
4740,1
4789,1
4575,1
4714,1
4959,1
4704,1
4633,1
5003,1
4301,1
4812,1
4688,1
4353,1
4646,1
4517,1
5071,1
4352,1
4660,1
4604,1
21557,1
21312,1
20933,1
20860,1
21383,1
20849,1
20821,1
20835,1
20911,1
21036,1
21206,1
21033,1
21343,1
21122,1
21272,1
20795,1
20885,1
20862,1
20803,1
21572,1
20874,1
4683,1
4743,1
4718,1
5065,6
4767,1
5079,3
21323,10
21475,8
4780,1
4375,1
4540,1
20875,1
21195,1
20824,1
20769,1
20856,1
21131,3
4512,3
4263,3
5020,3
4829,4
4954,4
21268,4
21097,4
21230,4
4992,9
4802,9
4577,9
5009,9
4978,9
5087,9
4984,9
4288,1
20940,10
21484,3
4377,7
4855,7
4266,7
21407,7
21246,7
20814,7
21503,7
21249,7
20853,7
21595,7
21260,7
21197,7
20631,7
20683,7
21126,7
21571,7
21045,7
21527,7
21337,7
21290,7
20942,7
20884,7
21298,7
21388,7
20973,7
20761,7
21193,7
20664,7
20840,7
21059,7
20952,7
21118,7
20991,7
21436,7
20953,7
20823,7
21054,7
21117,7
21555,7
21142,7
21231,7
21403,7
21288,7
20771,7
20614,7
21540,7
21283,7
20830,7
4721,7
4722,7
4438,7
4405,7
4810,7
4828,7
4424,7
4845,7
4913,7
4612,7
4728,7
4224,7
4921,7
4230,7
4741,7
4697,7
4485,7
5052,7
5048,7
5027,7
4578,7
5077,7
4334,7
4500,7
4464,7
4826,7
4232,7
4955,7
4250,7
4967,7
5056,7
4448,7
4427,7
4811,7
21478,2
21580,8
21079,8
4713,5
20809,5
20802,5
20831,5
20966,5
21329,7
4963,2
4884,2
4974,2
4589,2
4602,2
4630,2
4950,2
4979,2
4997,2
5018,2
5092,2
21613,10
4927,4
20785,4
4580,4
5094,4
4746,4
4882,4
4590,4
21273,4
21099,4
21381,4
21592,4
21642,4
20808,4
21190,4
21363,4
20996,4
21529,4
20992,4
21014,4
20934,4
21175,4
21259,4
20750,4
20906,4
21176,4
20980,4
21277,4
21044,4
20621,4
20907,4
21012,4
20812,4
20854,4
21639,4
20817,4
4986,1
4858,1
4831,1
4587,1
5015,1
4336,1
4682,1
4417,1
4355,1
4310,1
4401,1
4939,1
4632,1
4585,1
21072,8
21384,8
20998,8
21578,8
21505,8
21347,7
20946,7
20890,4
4890,4
4659,4
4572,4
21459,1
4317,5
4320,5
4367,5
4531,5
5004,5
4345,5
4592,5
4467,5
4872,5
4647,5
5057,5
5074,5
4365,2
4898,6
20872,1
4341,7
5046,7
4461,7
4465,7
4445,7
20792,7
20945,7
20897,7
21192,7
20735,7
21287,7
20701,7
21457,7
20922,7
20648,7
20764,7
21296,7
21437,7
21467,7
20632,7
20580,7
21181,7
20732,7
20585,7
21104,7
21016,7
21092,7
20921,7
21423,7
21046,7
21010,7
21119,7
20826,7
21151,7
20828,7
21585,7
21003,7
20968,7
20955,7
20775,7
20871,7
20816,7
21291,7
21379,7
21121,7
21405,7
20971,7
21145,7
21589,7
20978,7
21314,7
21239,7
20867,7
20878,7
20837,7
20822,7
20736,7
21148,7
20737,7
21216,7
21098,7
21182,7
20671,7
20777,7
20659,7
20739,7
21032,7
20612,7
20571,7
20662,7
20643,7
20914,7
20954,7
20778,7
21373,7
21627,7
20690,7
20985,7
21255,7
21284,7
20850,7
21018,7
20801,7
20718,7
20972,7
20896,7
21128,7
21267,7
21305,7
20703,7
20774,7
20665,7
20675,7
4412,7
4484,7
4863,7
4837,7
4752,7
5069,7
4567,7
4736,7
4407,7
4479,7
4993,7
4739,7
21174,4
21052,4
21096,4
21008,4
21039,4
21482,4
21332,4
4477,1
4330,1
4946,1
4474,1
4889,1
4983,1
21599,3
21282,6
21338,6
21485,6
4696,9
4991,3
4720,3
4976,2
20740,7
20799,7
4328,7
4213,2
4131,4
4133,4
4118,4
4154,4
4072,4
4124,4
4096,4
4102,4
4055,4
4188,9
4182,9
4079,9
4130,9
4189,9
4108,9
4106,9
4171,9
4080,9
4138,9
4083,9
4137,9
4160,9
4100,9
4127,9
4115,9
4172,9
4084,9
4112,9
4104,9
4077,9
4107,9
4183,9
4093,9
4181,9
4146,9
4178,9
4113,9
4145,9
4098,9
4186,9
4119,9
4157,9
4166,9
4091,9
4058,9
4061,9
4168,9
4149,9
4101,9
4144,9
4069,9
4152,9
4114,9
4111,9
4064,9
4173,9
4068,9
4105,9
4184,9
4174,9
4060,9
4116,9
4090,9
4148,9
4139,9
4070,9
4086,9
4153,9
4134,9
4158,9
4094,9
4147,9
4150,9
4179,9
4123,9
4063,8
4151,6
4076,7
4066,7
4185,8
4199,3
4212,8
4193,8
4085,8
4161,3
4073,1
4206,4
4210,9
4196,5
4204,5
4088,8
4180,8
4052,5
4129,7
4075,8
4135,6
4140,6
4201,2
4081,1
4175,1
4087,7
4155,7
4097,7
4110,7
4089,7
4164,7
4120,7
4156,4
4207,5
4203,5
4202,5
4142,5
4195,5
4057,2
4194,9
4205,9
4121,9
4192,5
4208,5
4197,6
4191,4
4187,1
4056,5
4170,3
4122,2
4211,1
4165,2
4126,2
4141,9
4067,8
4054,3
4092,3
4103,3
4190,4
4071,8
4143,8
4078,8
4082,8
4176,5
4163,4
4209,3
4136,3
4128,4
4099,4
4198,4
4177,4
4200,10
4109,8
4132,5
4169,1
4074,10
4117,2
4059,1
4125,2
4053,10
4167,10
4159,9
4162,9
4065,9
4095,9
4062,3
6268,1
6263,1
5847,10
5760,10
5826,1
5732,10
5817,10
6077,10
6267,1
5845,10
5917,10
6118,10
6033,5
5933,5
5919,1
5868,1
5861,1
5992,1
6115,10
6096,10
5955,2
6250,7
6127,5
5798,5
5966,5
6161,1
5784,4
5914,8
6001,8
6149,4
6110,2
5930,2
6103,2
5864,4
5969,4
6217,2
5983,9
5982,9
6000,9
6098,9
6076,9
6140,9
5952,9
6026,9
6148,9
6080,9
5925,9
6171,9
6126,9
6097,9
5804,9
6269,9
5972,9
6023,9
6258,9
5993,9
5736,9
6139,9
5849,9
6129,9
5829,9
5767,9
5733,9
5739,9
5865,9
6266,9
5749,9
6265,9
6102,9
5717,9
6090,9
6122,9
5986,9
6156,9
6261,9
6130,9
5892,9
5984,9
6248,9
5971,9
5902,9
5999,9
6028,9
6241,9
5855,9
5851,9
5764,2
6238,8
5723,8
5863,8
6152,8
5779,8
5715,8
6081,8
6058,7
6056,7
6183,7
6235,7
5901,7
6040,7
5948,7
6185,7
6116,7
5828,7
6206,7
5805,7
5839,7
6230,7
5744,7
5843,7
5759,7
6237,7
5950,7
5846,7
6054,7
6226,7
6232,7
6227,7
6208,7
6229,7
5874,7
6041,7
5961,7
6231,7
6240,7
5944,7
6211,7
6164,7
5877,1
5915,4
5722,3
6219,6
5780,2
5835,2
6089,2
6086,10
6133,1
6160,1
5761,4
6168,4
6007,4
6065,10
5777,2
5800,4
6209,1
5793,1
5859,7
6123,1
5970,1
5756,3
6105,3
5813,1
6181,1
6228,7
6146,10
6073,7
5716,7
5731,4
5753,4
6044,10
5811,3
5824,5
5900,5
6190,5
6037,5
6233,5
5837,7
6074,1
5783,2
5949,1
6271,5
5787,1
5924,7
6068,7
6170,2
5825,1
5750,2
6159,2
6169,10
5945,2
6008,4
6099,2
6010,2
6093,2
5727,2
5862,1
5815,7
6252,10
5997,10
6052,1
5836,10
5830,10
6004,10
5957,10
6014,4
6048,10
5748,10
6124,8
6253,8
6050,2
6069,1
6167,6
5880,3
6135,1
6111,1
5834,5
6138,1
5960,6
6207,2
6022,2
6063,10
5821,10
5954,2
6094,4
6254,6
5934,7
5831,7
6201,5
6085,3
5797,3
6006,2
5735,2
6016,3
5937,3
6005,1
5752,2
5976,2
5718,2
5866,6
5853,10
5891,10
6036,10
5840,10
5771,10
5895,10
5810,10
6142,1
5712,2
5871,2
5916,2
5754,1
6200,8
6244,10
5819,2
6031,2
5789,3
6205,3
6128,5
5729,6
5979,4
6251,6
5728,6
5775,7
5965,1
5978,1
5968,1
5720,7
5980,1
6193,1
6246,1
5803,1
5841,2
6234,7
5938,2
6119,7
6195,2
5935,2
6179,2
6216,7
5823,2
5926,10
5747,1
5740,1
5974,1
6060,3
6212,2
6239,5
5998,4
6141,4
6191,4
5987,4
5898,4
5946,4
6150,4
5989,4
6186,4
6070,4
6151,4
6165,4
5820,4
5996,4
5921,4
5942,4
5990,4
6189,4
5940,4
6104,4
5899,4
6134,4
6158,4
6112,4
5768,4
5988,4
6182,4
5879,4
5962,4
5951,4
6153,4
5743,4
5922,4
6270,4
5894,7
5958,8
6038,1
5854,1
6137,1
5873,2
5886,6
6078,10
5721,10
5774,10
5885,2
5778,2
5802,5
5881,5
6117,9
5869,9
5909,1
5928,2
5785,5
5856,5
5772,1
5812,10
5844,7
5766,2
6035,8
5875,1
6176,5
6222,5
6223,5
6221,5
6051,2
5741,2
6210,5
6224,5
6225,5
5889,2
5907,1
5872,1
6046,1
5827,1
6260,1
5883,1
6236,1
6092,8
6066,6
6034,9
5906,1
5939,2
6084,5
5905,6
5975,1
6082,4
5882,1
5867,7
5903,1
6027,3
6083,5
5963,2
6163,5
6178,2
6091,5
5913,2
6018,2
6175,2
6015,2
5884,6
6177,2
6192,5
6143,1
6013,2
5770,5
5920,6
6166,5
6144,1
6025,2
6106,7
6101,7
6062,7
6187,3
5890,4
5956,3
5755,1
5734,4
5782,1
5910,6
5751,8
6114,1
6173,2
6032,10
5790,1
6113,1
6132,7
5832,4
6045,4
5994,5
6202,7
6215,2
5773,10
5923,2
5977,2
5801,2
5911,2
6072,2
6255,2
6172,2
6213,2
5943,2
5912,3
6188,2
5822,9
5852,2
5932,2
5786,2
5791,2
5796,2
6218,2
6194,2
6042,2
5929,3
5814,7
5792,6
6087,3
5981,2
5794,2
6100,5
5758,2
5738,8
6214,1
5795,1
6003,1
6145,1
6029,1
5876,1
5742,1
5838,1
6162,1
5765,1
5896,1
6088,1
5762,1
6245,1
5991,1
5726,1
6247,1
6257,1
6204,1
6011,10
5973,1
5857,1
6264,10
6136,1
6059,1
6199,8
5709,8
5714,3
6109,3
5710,6
5713,6
5730,6
5808,6
6067,2
6174,2
6049,2
6095,2
5833,4
5941,6
6131,2
5888,2
5737,7
6198,1
6030,1
6002,5
6197,5
5816,5
6154,5
6019,2
6020,2
6039,2
6196,2
6256,2
5806,9
6147,9
5918,9
5858,9
6120,9
6203,3
5870,1
6272,1
6121,9
5927,2
6242,1
6061,1
6180,1
5931,2
5781,2
6017,1
5953,1
5985,1
6043,5
5818,1
5711,1
6125,1
5964,1
6107,4
5904,7
5908,7
5947,2
5850,2
5757,5
6075,10
5799,7
6262,7
5719,2
5936,2
5807,2
6157,9
5809,1
6057,2
5887,3
5769,2
6220,2
5776,2
6071,5
5724,6
5725,5
5745,8
6053,2
6079,8
6184,2
6009,2
5959,2
6024,1
6021,1
6047,1
5788,6
6243,2
6259,6
6055,10
5860,10
6249,10
5848,10
5763,10
5842,4
5967,3
5746,3
5995,6
6108,6
6155,6
5897,6
6064,6
5878,6
5893,6
6012,6
14937,6
14700,8
15008,8
14482,8
15194,6
15092,6
14921,6
15062,3
14780,3
15072,3
15190,6
14987,5
15098,8
14619,8
14696,2
14924,7
15116,7
14737,7
14920,6
14934,6
15167,1
15120,10
14794,7
15183,7
14833,7
15087,7
14535,7
15070,7
14412,7
15028,2
14959,7
15231,7
15168,7
15203,7
14635,7
14730,9
14653,7
15207,7
15031,2
14556,7
14945,7
14509,7
14877,7
15033,7
14844,7
14646,7
15066,7
14879,7
15170,7
15228,7
15060,7
14841,1
15009,7
15225,7
14883,7
15106,7
14793,7
14939,7
14559,7
14586,7
14485,7
14863,7
14583,7
15107,7
14618,7
14966,7
14986,7
14801,7
14410,7
14910,7
14842,1
15091,10
14434,7
14545,7
14345,1
14985,1
14708,1
14491,9
15088,9
14946,9
14726,9
14912,9
14721,9
14929,9
14693,9
14954,9
14746,9
14994,9
15043,9
14823,9
14830,9
15030,9
14916,9
15102,9
14824,9
14997,9
14573,9
15112,9
14704,9
14507,9
14976,9
14379,9
15035,9
14848,9
15124,9
15172,3
15044,3
14537,3
14832,6
14892,2
14490,2
14344,5
14429,5
14461,5
14523,5
14352,5
15017,5
15083,5
14914,5
14342,5
14359,5
14542,5
14608,5
14735,3
14784,3
14957,10
14415,10
14462,7
15055,1
14370,9
14553,5
14390,5
14561,5
14350,5
14416,5
14338,5
14758,5
15185,5
14443,9
14589,9
14670,9
14391,2
14963,8
14904,8
14540,8
15131,8
14500,8
15199,4
14539,4
14637,5
14709,5
14532,5
14743,5
14767,5
14792,5
15109,5
14422,5
15154,5
15142,5
14629,4
14335,1
14562,1
14610,2
14483,9
14862,9
14343,9
15042,9
14919,9
14438,9
14378,9
15046,9
14917,9
14638,9
14399,9
14463,9
14820,9
15163,9
14413,9
14348,9
14402,1
15041,9
14382,9
14362,2
15166,2
14940,1
14859,9
14513,9
14464,7
15090,7
14538,7
14334,4
14897,7
14734,2
15178,1
15085,9
14512,4
14340,4
14867,4
14612,4
14403,4
14639,4
14604,4
14683,7
15122,7
14673,7
14806,5
14547,2
14626,2
14681,2
14394,2
15198,2
14828,4
14453,2
14815,2
14644,3
15114,3
15034,3
15145,3
15115,3
15205,7
14508,3
14405,3
14663,2
14439,3
14752,3
14623,2
15119,1
14665,1
14928,7
15223,7
14441,7
14858,6
14866,2
14455,2
15155,2
14572,2
14432,2
14468,6
15182,2
14898,3
14835,3
14599,3
14564,3
14494,3
14332,3
14689,3
14471,3
14353,3
15100,3
15075,3
14466,3
14757,3
15076,2
14473,2
14672,2
15002,9
15214,6
14360,6
14760,6
14732,6
14449,6
14748,10
14593,10
14702,10
14856,10
14778,5
15057,2
14364,3
15201,4
15048,4
14861,4
15164,4
14800,4
14759,9
14585,3
14389,6
15197,6
15084,6
14414,6
14347,6
14387,6
14375,6
14519,6
14517,6
14363,9
14630,9
14419,5
14356,5
14383,5
14440,3
15064,3
14837,3
15126,3
14632,3
15010,3
14528,8
14931,9
15153,4
14978,4
14739,4
14826,4
15080,4
14799,4
14631,4
15200,4
14692,4
15113,4
14949,4
14454,4
15196,4
15037,4
14857,4
14493,4
14388,4
14459,4
14418,4
14749,4
15226,10
14546,10
14565,1
14964,1
14845,1
15175,1
15171,1
15053,6
15068,6
14827,3
14374,3
14654,3
15143,3
15089,3
15220,3
14808,3
14575,3
15025,3
14952,3
14697,2
14641,1
15149,7
14595,10
14452,1
14731,1
14582,1
14426,1
14392,9
15195,1
14406,1
15138,1
14510,1
14527,1
15063,1
14870,1
14847,1
15192,1
14581,8
15004,1
15218,1
15165,6
15212,6
14717,3
14701,1
14355,1
14333,1
14594,1
14437,1
14984,1
14763,1
14376,1
14864,1
14567,1
14836,1
14648,1
15016,1
14643,1
14751,1
14669,1
14839,3
14840,9
14536,8
14349,8
14690,8
15045,3
14487,4
15118,4
14566,6
14873,6
15191,6
14592,6
14993,6
14747,6
14895,6
14723,6
14846,6
14634,3
14651,5
14950,4
14822,4
14417,9
14367,9
14368,2
14380,2
15181,2
15000,5
14955,5
14719,5
14642,5
14777,5
14926,5
14516,5
14932,5
15047,5
15188,5
14695,5
14977,5
14505,5
14518,5
14922,5
14705,5
14433,10
14951,3
14961,7
14569,5
14421,7
14531,7
14395,1
14488,1
14514,1
14411,1
14404,1
14907,1
15086,1
14577,1
14341,1
14909,1
14765,2
14727,2
14956,2
15011,2
14813,2
14555,2
14645,2
14908,2
15026,2
14703,2
14499,2
14733,2
14991,5
14947,3
14467,7
15024,7
15020,7
14686,7
14853,7
15038,7
15227,7
14525,7
14377,7
14444,7
14878,7
14446,7
14658,7
15193,7
15039,7
14729,7
15081,7
15069,1
14393,2
15029,2
14706,2
14448,2
14872,2
14884,2
14925,2
14396,2
14613,2
14504,2
15187,2
14373,2
14458,2
14795,2
15140,9
14865,9
14694,9
14773,9
14401,9
14687,9
14688,3
14579,3
14698,3
14775,3
14851,3
14814,3
14819,3
15202,3
14720,3
14474,3
14457,3
14640,3
14796,3
14999,3
14400,3
14779,3
14738,3
14420,3
14476,3
15129,3
15173,3
14874,3
14941,1
14521,3
15054,3
14741,3
14549,3
15156,3
14762,3
14995,3
14809,3
14983,3
15159,3
14797,3
15061,3
14714,3
14968,3
14902,3
15224,3
14675,3
14576,3
15079,3
15099,3
14609,3
14849,3
14409,3
14975,3
15180,3
14980,3
14906,3
15206,3
14933,3
14805,3
15014,3
15222,3
14520,3
14620,3
14850,3
15127,3
15204,3
15023,3
14740,3
14636,3
14361,3
14971,3
15097,3
14745,3
14896,3
15032,3
14397,3
14570,3
14495,3
14398,3
14974,3
14574,3
14831,3
15082,3
14783,3
14685,3
15150,3
14588,3
14791,3
14475,3
14456,3
14722,3
14497,3
14357,3
14385,3
15049,3
15215,3
14753,3
14541,3
14571,3
14674,3
14707,3
14435,3
14789,3
15121,3
15056,3
15036,3
14886,3
14764,3
14818,3
14803,3
14930,3
14679,3
14526,3
14711,3
14894,3
14776,3
15050,3
14614,3
15179,3
14958,3
14481,3
15125,3
14744,3
14584,3
15065,3
14953,3
14529,3
15219,3
14551,3
14615,3
15095,3
14973,3
14408,3
15210,3
15012,3
14425,3
14915,3
15073,3
14489,3
14962,3
14478,3
14496,3
14838,3
15148,3
14600,3
15158,3
15022,3
14852,3
14503,3
14501,3
15184,3
14782,3
14484,3
14381,3
14477,3
14655,3
14890,3
14769,3
15040,3
14423,3
14445,3
14990,3
14834,3
14770,3
14715,3
14365,3
14447,3
14938,3
14616,3
14622,3
14543,3
14724,3
14889,3
14384,3
15221,3
14676,3
14802,3
14544,3
14965,3
14625,3
14903,3
14678,3
15157,3
14431,3
14486,3
14351,3
15074,2
15101,2
15108,5
14451,3
14407,3
14502,3
14450,5
14680,10
14781,8
14580,8
14804,8
14661,8
14913,8
15005,8
15096,8
14611,8
14621,8
14712,8
15162,8
14754,8
14534,8
14817,8
15130,8
14668,8
15104,7
14371,5
15093,1
14506,1
14755,1
15135,5
14607,4
15134,4
15052,1
15177,2
14871,2
15117,2
15111,2
15013,2
15160,2
14768,2
15006,2
15136,9
14880,2
14590,2
14736,3
14662,3
15019,7
14868,7
14530,3
15209,3
14876,3
14718,3
14568,3
15208,7
14472,7
15058,6
14550,6
14627,6
14560,1
14558,1
15139,1
15078,7
15110,6
14905,6
15147,5
14812,9
14860,9
15077,3
14647,2
14628,2
14436,3
14498,3
14427,3
14660,3
15151,3
15001,3
14684,3
15169,3
15007,3
14816,3
14354,7
14854,2
14725,2
14989,2
14998,2
14591,2
14597,2
15133,2
14810,3
14996,7
14728,3
14843,3
15186,3
14772,3
15059,3
14603,3
14967,3
14386,3
14982,3
14948,3
14893,3
14888,3
15094,3
14650,3
14923,3
15152,3
14911,3
14659,3
14829,3
14557,3
15189,3
14656,3
15141,3
14666,3
15174,3
14869,3
14944,3
14891,4
14667,2
14533,9
15128,1
15144,3
14713,5
15105,5
14943,7
14981,5
14936,5
14935,5
14677,8
14430,1
14511,2
15021,2
14469,2
14901,1
14522,2
14602,1
14742,6
15003,6
14881,9
14664,9
15071,9
14785,9
14979,9
14771,9
14942,6
14480,4
14460,2
14617,2
14761,1
15146,4
14624,8
14992,8
14774,8
14554,8
14885,8
14548,8
14596,8
14601,8
14682,8
14578,8
14358,8
15137,8
14366,8
14606,8
15103,8
14972,8
15067,8
14899,8
14598,8
14821,8
14372,8
14825,8
14790,8
14970,8
15051,8
14766,8
14855,8
15018,8
15211,8
14875,8
14788,8
14787,8
14882,8
14552,8
14524,8
14339,8
14442,8
14605,8
14988,8
15233,8
14750,8
14587,8
14699,8
14465,8
14633,8
15132,8
14756,8
15027,8
15015,3
15213,3
15161,8
14887,2
15176,7
14798,1
15123,5
14424,5
14369,5
14657,5
14652,9
14479,9
15229,1
14927,3
14492,3
14691,7
14900,7
14563,7
14969,7
14716,7
14649,5
14918,6
15217,6
14960,2
14671,4
14807,4
14710,4
14346,6
24455,2
8785,5
8278,5
8633,5
8495,5
8467,3
24259,1
24228,10
23636,10
8462,1
24299,4
24421,4
24258,4
8307,2
8712,2
8800,2
8372,2
24396,7
23833,7
8368,7
8754,1
24287,3
8564,4
23879,8
8525,2
23776,1
8417,9
8603,9
8439,9
8801,9
8552,9
8687,9
8739,9
8338,9
24048,9
24055,9
24331,9
24036,9
24437,9
24348,9
24190,9
24082,9
24130,9
24432,9
8595,9
8573,9
8501,9
8487,9
8717,9
23958,5
23908,5
24209,5
24150,5
24441,5
24290,5
23817,5
24342,5
24153,5
8478,2
8588,8
8630,7
8456,2
8491,2
8340,2
8415,2
8336,2
8744,2
23880,3
23969,3
8427,3
8399,3
24122,3
8822,3
8681,3
24015,3
23838,3
23758,3
23811,3
24424,3
24179,3
24359,3
24128,3
23907,3
23999,3
8778,3
23916,3
24242,3
24446,3
8376,3
8435,3
8650,3
8365,3
8604,3
8520,3
8655,3
8538,3
23906,3
8596,3
23950,8
24248,8
23745,8
8825,8
24363,8
23941,8
24265,1
24318,9
24239,9
8746,8
8649,8
23964,8
23945,8
23734,8
23877,8
8378,8
8419,8
8483,8
8576,8
23932,5
24102,5
24170,5
8642,5
23867,5
24023,5
24337,5
8585,5
23895,5
23871,5
24037,5
24041,5
8593,5
8579,5
8490,5
24255,7
24038,7
24145,4
23638,7
8610,7
8777,3
24394,2
24074,1
8730,6
8707,7
8745,6
8432,3
8260,1
8257,1
8503,9
24246,9
24383,2
24369,9
24277,4
24452,4
23810,3
24243,3
24272,3
24227,3
24340,2
24384,8
23635,8
24389,8
24456,8
8436,8
24313,3
23978,3
23996,3
24019,3
24039,3
23816,3
24070,3
23902,3
23786,3
24026,3
24336,3
23826,3
24191,3
24028,3
24113,3
24098,3
23740,3
23820,3
8280,7
8711,7
24199,3
24404,3
24018,3
24031,3
23837,3
24182,3
23883,3
24395,3
8354,3
8262,3
8259,3
8708,3
8479,3
8251,3
8472,3
8253,3
8256,3
8440,3
8644,3
8685,3
8583,3
8457,3
8349,3
8258,3
8817,3
8252,3
8671,3
8824,3
8448,3
23742,1
24042,1
24138,1
24362,1
24434,1
23803,1
8686,1
8409,1
8300,1
8319,1
8390,1
8425,1
8679,3
8521,3
8569,3
24413,3
8393,3
8466,3
23981,3
23770,3
23960,3
23968,3
24120,3
23990,3
23698,3
23707,3
23666,3
23787,3
23927,3
23703,3
23861,3
23690,3
23722,3
24439,3
23993,3
24444,3
24125,3
23818,3
24339,3
23737,3
23966,3
23887,3
24388,3
23949,3
24169,3
23965,3
24198,3
23746,3
23655,3
24378,3
24293,3
23663,3
23691,3
23685,3
23693,3
23912,3
24148,3
23692,3
23669,3
24057,3
23904,3
24046,3
24268,3
23885,3
24115,3
23700,3
23711,3
23754,3
23800,3
23714,3
23974,3
23934,3
23645,3
24010,3
23682,3
23741,3
23660,3
23715,3
23752,3
23659,3
23696,3
23679,3
23673,1
23678,3
23918,3
23891,3
23901,3
23835,3
23825,3
24231,3
23991,3
24250,3
24066,3
23642,3
23732,3
23674,3
23676,3
23824,3
23695,3
23701,3
23677,3
24303,3
24249,3
23876,3
23869,3
24032,3
8360,3
8567,3
8709,3
8303,3
8302,3
8301,3
8269,3
8283,3
8308,3
8665,3
8454,3
8738,3
8506,3
8608,3
8535,3
8471,3
8508,3
8279,3
24099,8
23727,8
24187,8
23975,8
24045,2
23997,2
8345,7
24203,8
24158,8
8444,8
8704,8
8407,8
8539,8
8651,8
8476,8
8423,6
24111,6
24295,7
8820,7
8727,2
8451,2
8680,5
8790,10
23799,3
23702,3
8688,3
8611,3
8386,3
8488,6
24443,6
24427,6
23771,6
23656,6
23905,6
23913,6
23914,6
23729,6
24338,6
24021,6
23985,6
23856,6
24116,6
23761,6
23649,6
23903,6
23865,6
23792,6
23751,6
23661,6
23915,6
24176,6
23667,6
23841,6
23789,6
24003,6
24117,6
24208,6
23735,6
24194,6
23807,6
23718,6
24217,6
23641,6
23778,6
23836,6
23657,6
23827,6
23662,6
24212,6
23782,6
24261,6
23670,6
23896,6
23804,6
24252,6
23684,6
24040,6
23831,6
23748,6
23650,6
24244,6
8353,6
23805,6
8270,6
8620,6
8749,6
8263,6
8284,6
8294,6
8272,6
8540,6
8374,6
8450,6
8314,6
8311,6
8323,6
8352,6
8765,6
8536,6
8291,6
8356,6
8325,6
8710,6
8543,6
8830,6
8662,6
8480,6
8293,6
8348,6
24423,6
23694,1
24393,6
24133,10
24119,9
23921,5
8324,9
8722,9
8616,9
24008,7
8406,4
23644,4
23894,4
23925,4
24157,4
23658,4
23643,4
8618,4
8632,4
8369,2
8559,9
8586,9
8840,9
24281,7
24447,5
8605,6
8265,2
24156,7
24175,7
24288,7
8395,7
24322,7
8750,7
24468,2
8626,1
24316,1
8414,1
8346,1
24253,1
24235,1
23780,1
23725,1
24380,1
24097,1
23664,1
23952,1
23893,1
24147,1
24448,1
23943,1
24241,1
24027,1
23846,1
24334,1
23765,1
23755,1
23744,1
24126,1
24088,1
8318,1
8410,1
8315,1
24205,10
24083,10
23646,10
24296,10
23779,10
24219,10
24328,10
24386,7
24237,7
23963,7
23971,7
23721,7
24453,7
24202,7
24364,7
24381,7
8274,9
8299,9
8287,9
8321,9
8285,9
24301,5
8566,5
24302,2
8838,2
24263,2
8788,2
8534,2
24090,4
23979,5
8731,2
8783,2
24223,3
23784,5
8806,7
24399,8
8384,6
8720,6
23739,6
23812,6
24013,6
24376,6
23970,6
24047,8
23637,8
23759,3
23651,5
8735,5
8773,5
24429,1
8264,4
23687,10
8469,3
23899,3
23839,10
8266,10
24370,3
24166,1
8718,7
8810,7
8474,5
24002,5
23828,3
8590,6
24285,5
24345,4
24033,3
23955,3
24405,3
8268,1
24078,7
24267,7
23933,6
24365,7
24220,7
8575,7
23938,1
24058,1
24096,1
23795,1
23731,1
23897,1
24020,1
23717,1
8660,1
23842,6
24215,6
23872,7
24084,2
23809,2
24200,2
24387,2
24131,2
23922,2
23821,2
24312,2
8516,2
8351,2
8574,2
24286,10
24165,8
8816,6
8759,6
8486,6
8381,9
8696,1
8484,1
8545,1
8298,1
8541,1
8562,1
23730,1
8799,1
24065,1
23834,4
24305,4
23847,4
23911,8
24390,8
23853,1
24059,1
23881,1
23849,1
24294,1
24450,1
23992,5
24109,4
24197,4
24233,8
8627,1
8475,1
8831,7
8434,7
8635,7
8422,4
8792,4
8751,4
8306,4
8331,4
8640,4
8460,4
8694,9
8430,9
24106,9
8771,3
8529,3
8578,3
8725,3
8261,3
8812,3
8653,3
8804,3
24315,3
8652,8
8614,8
23923,7
8524,8
24121,6
23634,6
23699,6
24206,6
24454,6
23959,6
24005,6
23633,6
23762,6
23832,6
23683,6
23686,6
24139,6
24136,6
24080,6
24270,6
23697,6
24079,6
23665,6
23929,6
24449,6
24325,6
24264,6
24087,6
8405,1
23757,6
24009,1
23983,1
24350,1
24035,1
23709,1
24092,1
24420,1
8446,6
8397,6
8560,6
8373,6
8433,6
8607,6
8332,6
8500,6
8290,6
8494,6
24017,2
23940,2
8716,2
8762,2
8463,2
24409,1
24034,5
24073,5
23788,5
24154,5
23708,5
8421,6
8514,6
8612,6
23802,9
8729,9
8654,9
8330,9
8305,2
8634,2
8403,7
8367,7
8496,7
8316,7
8523,7
8549,7
8692,7
8473,7
8493,7
8364,7
8664,7
8706,7
8693,7
23716,1
8836,5
8387,5
8412,5
8453,5
8753,5
8296,5
8737,5
8670,5
8728,5
8682,5
8697,5
8391,5
8342,5
8646,5
8628,1
8361,1
8638,1
8357,1
8505,1
8377,1
8426,1
23733,4
24172,4
23772,4
24114,4
23866,4
23944,4
24146,4
24347,4
23886,4
24134,4
24410,4
24093,4
24254,4
23760,4
24426,4
23688,4
24081,4
24279,4
23926,4
24118,4
24127,4
23773,4
23815,4
23738,4
24012,4
24230,4
24392,4
8522,4
8441,4
8532,4
8645,4
8572,4
8661,4
8666,4
8714,4
8510,4
8663,4
8677,9
24155,7
23870,7
23956,7
23671,7
23720,7
23767,7
23736,7
23986,7
23948,7
24266,7
23967,7
23750,7
24164,7
23704,7
23806,7
24184,7
24056,7
24349,7
23756,7
8334,7
8558,7
8428,7
8437,7
8780,7
8404,7
8281,7
8455,7
8568,7
8517,7
8465,7
8582,7
8366,7
8619,7
8335,7
8383,4
8408,4
8811,4
8622,4
8793,4
8498,4
8846,4
8760,4
8599,4
8673,4
8273,4
8504,4
8420,4
8485,4
8396,4
8286,4
8339,4
8740,4
24232,5
8370,10
8313,10
24256,3
24214,1
24183,8
24091,8
23953,8
23962,8
24161,8
24077,8
24367,8
24310,8
24177,8
24144,8
24069,8
24195,8
24411,8
24095,8
8481,3
24229,3
23947,3
24354,3
24225,3
24213,3
8497,3
24324,3
8779,3
24406,3
23858,9
23728,9
24415,9
23652,1
24071,6
24356,5
23977,1
24061,1
24181,1
24361,1
23988,5
24401,1
24352,7
24085,6
24247,1
24143,9
23785,9
24431,9
24000,9
24149,9
24100,9
24435,9
23864,1
24402,8
24373,8
24014,5
23777,5
24278,2
24430,6
24163,5
24398,2
24321,5
24343,7
23813,3
24196,9
24025,6
24189,6
24201,10
23980,6
23855,6
24210,8
8550,8
8625,8
8570,8
8772,8
23840,7
8255,2
8636,2
23823,2
23859,2
23862,2
23710,2
24357,2
24273,2
23640,10
8587,2
8613,2
8833,2
8701,2
8602,2
8418,6
8267,7
24043,7
24438,1
24167,1
24276,1
24320,1
24417,1
23774,7
24029,7
24221,7
23857,7
23798,7
23843,7
24418,7
23863,7
23917,7
24382,7
23829,7
23713,7
23768,7
24306,7
23808,7
23987,7
24245,7
24257,7
23994,7
8537,7
24355,7
8589,7
24104,7
8766,7
8584,7
8320,7
8827,7
8337,7
8556,7
8794,7
8563,7
8528,7
8631,7
8394,7
8382,7
8347,7
8719,7
8702,4
8826,4
24076,5
24271,2
8555,3
23920,3
23844,1
24274,8
24072,8
23898,8
24414,8
24006,8
24152,8
24207,8
23723,8
24103,8
8809,8
8502,8
8758,8
23639,8
8601,5
24151,5
8371,1
8713,1
8581,4
8565,4
8752,4
8756,4
8594,4
24141,7
24314,4
8721,4
8774,4
24341,4
8684,3
8304,8
24329,8
24173,8
8741,8
24016,1
24311,2
23882,2
23705,2
23712,2
23793,2
24063,2
8310,2
8470,2
8798,2
8782,2
8530,2
8845,2
24344,6
8452,1
8445,1
8698,1
23689,6
23764,6
8764,9
23928,6
23753,6
24044,6
24451,6
24326,6
24330,6
24304,6
24204,6
23942,6
8641,8
23852,2
24094,2
23791,10
24185,10
24371,10
24051,2
24086,2
24178,6
24397,6
24218,6
23874,6
8531,6
24067,6
24457,6
23939,6
24262,6
24309,6
8815,6
8755,6
8768,6
8606,6
8598,6
24132,6
23854,6
23783,6
24140,6
24436,6
24224,6
24366,6
8344,6
8580,9
8814,6
8748,2
8821,2
23936,9
23888,9
23653,9
23924,9
23726,9
24317,4
24240,10
24307,8
24425,8
24419,8
24142,8
24358,8
8769,2
24445,2
8797,10
24049,5
24226,5
24123,5
8597,5
8424,5
23763,8
24374,10
24416,6
8547,2
8341,7
24124,7
23878,2
24319,2
8775,2
8513,2
8835,2
8834,2
8786,2
8829,2
8789,7
23961,3
23875,3
24234,10
24461,9
24192,6
24400,6
23724,1
8327,2
8400,8
8312,8
8770,9
8723,1
8803,1
24300,6
24335,4
23937,3
23848,1
8805,4
8659,4
24222,1
8736,1
8742,1
8623,7
8791,8
24137,9
24162,9
23954,2
8385,2
24442,3
24216,3
24260,3
24440,3
24107,3
8781,7
8477,1
8699,1
8617,1
23976,5
23845,5
24422,5
23850,5
24351,5
8542,5
8668,5
8656,5
8392,5
8458,5
8515,5
8621,5
24129,4
8726,4
23749,8
23769,3
23982,2
8667,3
8554,3
8724,8
8807,7
24297,3
24089,1
24291,1
23873,8
23648,3
24428,3
23654,3
8275,3
24053,3
8398,3
23989,3
8837,3
23984,3
24011,3
24283,3
23951,3
8571,3
8416,3
8350,3
8359,3
8413,3
23747,3
8429,3
8839,3
8609,3
8277,3
8328,3
23647,2
23796,4
24180,1
23797,1
24007,1
23935,1
24333,1
24171,1
23998,1
24251,1
24211,1
23931,1
24391,1
8643,1
8808,1
8276,1
8355,1
8577,1
8333,1
8819,1
8388,1
8295,1
8553,1
8732,1
8402,1
8544,1
8734,1
8443,1
8363,1
8464,1
8648,1
8658,9
24060,1
23868,1
24289,1
24188,1
24407,1
23884,1
24108,1
24462,1
23890,1
24385,1
24275,1
24377,1
8309,1
8787,1
8689,1
8362,1
8546,1
8459,1
8591,1
8288,3
8767,3
8672,3
8802,3
24236,2
24022,7
24105,1
8411,7
8271,7
8380,7
23781,7
24004,7
23794,7
23900,7
23680,7
23766,7
23668,7
8379,7
24062,1
23909,1
24323,1
23946,1
8489,1
24346,3
24298,3
8843,3
8675,3
8561,3
8776,3
8624,3
8548,3
8813,3
8691,3
8674,3
23822,5
8518,7
8763,7
8375,7
8657,7
8784,7
8592,7
8317,7
8512,7
8509,7
8526,7
8690,7
8637,7
8743,7
8326,7
8757,7
8695,7
23973,4
23830,4
24282,4
24353,4
8796,2
8795,4
8615,4
8669,4
8647,4
8703,4
24050,4
24292,4
23801,4
24408,4
24193,4
23910,4
24052,4
24412,4
24001,4
24284,4
23681,4
24269,4
24068,8
24368,8
24372,8
8447,8
24054,8
24168,8
24360,8
8705,8
24327,5
23819,5
23889,5
23814,2
8468,4
23892,1
8733,5
8527,1
8533,1
8828,3
8700,3
8676,3
8492,1
8683,1
8449,1
8519,9
8600,3
8289,8
8639,7
8511,7
8401,6
8282,4
8389,3
8551,8
8343,2
8322,3
24110,8
23972,8
24308,8
23860,8
24403,8
23957,8
23930,8
24280,8
24159,8
23851,8
23919,8
24433,8
24064,8
24024,8
24075,8
24112,8
24160,8
8715,8
8292,8
8442,8
8678,8
8482,8
8557,8
8629,8
24135,7
23675,7
23706,7
8832,2
8747,3
8818,3
24332,2
23995,2
8297,2
24379,8
24186,1
24030,3
23743,3
24101,3
23790,3
8823,4
24375,4
23775,6
23719,6
23672,5
24238,5
8461,7
8358,7
8438,7
22513,10
22106,1
22231,8
22672,8
22423,8
22413,8
22538,8
22103,8
22320,8
22346,4
22315,4
22121,4
21971,4
22362,4
22220,4
22128,4
22275,4
22607,4
22342,4
21972,4
22528,2
22202,6
22526,10
22428,10
22360,2
21853,7
22170,10
22257,9
22425,9
22602,9
22335,9
22222,9
22032,9
21923,9
22175,9
22421,9
22509,9
22345,9
21829,9
22688,9
22508,9
21752,9
21841,9
22460,9
22647,9
22086,9
22662,9
22661,9
22028,9
21861,9
22223,9
22619,9
22568,9
22687,9
22532,9
22632,9
21839,9
22625,9
22097,9
22446,9
22156,9
22021,9
22427,9
22393,9
22309,9
22348,9
22030,9
22340,9
22639,9
22151,9
21730,9
22626,9
22339,9
22627,9
22522,9
22025,9
22403,9
22228,9
22171,9
22502,9
21748,9
22200,9
22554,9
22603,9
22283,9
22668,9
22488,9
22605,9
22420,9
22008,9
22055,9
22292,9
22595,9
22492,9
22650,9
22303,9
22539,9
22511,9
22378,9
22252,9
22324,9
22673,9
22432,9
22212,9
21944,9
22430,9
22237,9
22575,9
21897,9
22628,9
22002,9
22245,1
22566,1
21846,1
22633,1
22070,8
22585,8
22493,8
22232,8
22577,8
22122,8
22574,8
22319,8
22277,8
22456,8
22500,8
22592,2
22660,2
22285,1
22048,8
22130,8
22305,8
21847,8
22392,8
22408,2
21782,2
21784,2
22581,2
22441,2
22026,3
22144,4
22043,4
22645,3
22457,3
22657,3
22453,3
22158,4
22147,4
22368,1
22470,7
21948,4
21836,4
22120,4
21900,4
22357,4
22442,9
22205,9
21913,1
22012,8
22417,8
22260,8
22389,2
22450,2
22569,2
22571,2
21935,10
22119,10
22654,10
22197,10
22073,10
22556,10
22558,10
22536,10
22565,10
22563,10
22553,10
22540,10
22015,10
22053,10
22573,10
22559,8
22108,8
22586,8
22449,3
22651,3
22529,3
21973,3
21793,3
21939,3
22583,3
21920,3
22195,3
22598,3
21707,3
22201,3
21925,3
22398,3
21916,3
22411,3
21983,3
22352,3
22033,3
21933,3
22018,3
22017,3
21715,3
22040,3
22310,3
22612,3
22490,3
21978,3
22594,3
22599,3
22145,2
22321,2
22052,1
22209,1
21998,1
22373,1
22178,1
21961,1
22680,4
22676,3
22387,3
21676,3
21695,3
21671,3
21666,3
22093,3
21683,3
21663,3
21726,3
21796,3
22148,3
22664,3
22439,8
22365,9
22226,3
22609,3
22683,2
21844,6
21857,6
22010,6
22208,6
21705,6
22065,6
21775,6
21658,6
21690,2
22304,2
22115,2
22060,2
22328,2
22188,2
22126,2
22069,2
21905,2
22221,2
22087,2
22517,2
22247,2
22022,2
22516,2
22471,6
22388,2
22286,2
21912,2
21904,2
21851,1
21826,9
21686,9
21771,9
22590,9
22259,9
21657,4
21820,4
21798,4
22207,4
22337,4
21814,1
22129,4
22616,1
22397,1
22675,1
22671,1
22369,1
22652,1
21740,1
21794,1
21774,1
21711,1
21678,1
21693,1
22083,1
21799,1
22185,1
21665,1
21712,1
22636,1
22665,1
22088,1
21822,1
22189,1
22278,10
21986,10
22435,10
21697,7
21681,7
21739,7
22343,7
22235,7
21926,7
21692,7
21714,7
21868,7
21737,7
21805,7
22107,7
21746,7
21661,7
21952,7
21702,7
21895,7
21931,7
22141,7
21911,7
22036,7
21967,7
21662,7
22454,7
21668,7
21673,7
21722,7
21664,7
21832,7
22003,7
21689,7
21679,7
22016,7
22550,7
22272,7
22452,7
22385,7
22307,7
22102,7
21941,7
22291,7
22100,7
22361,7
22535,7
21792,7
21856,7
22477,7
22308,7
22552,7
22274,7
22329,7
22271,7
22656,7
22116,7
21727,7
22262,7
22218,7
21880,7
22014,7
21996,7
21675,7
21699,7
21810,7
21709,7
21816,7
22031,7
22029,7
21716,7
21760,7
21995,7
21753,7
21698,7
21725,7
21694,7
21656,7
21659,7
21655,7
21654,7
22405,7
21680,7
21807,7
21763,7
22090,7
21891,7
21720,7
22690,7
21910,7
21928,7
22254,7
21765,7
21660,7
21949,7
21691,7
21958,7
21962,7
22341,1
21812,10
22381,5
22199,1
22044,1
22326,7
21943,7
22080,7
22082,7
22261,7
21899,7
22409,7
22431,7
22505,7
22469,7
21885,7
22045,7
22112,7
22437,7
22678,7
22172,7
22263,7
21855,2
22670,2
22515,2
21999,2
22179,9
21903,5
21896,5
22230,3
22415,3
22372,2
21818,2
22466,2
21789,1
21918,6
22125,6
22557,5
21788,1
22519,6
22572,2
22255,8
22313,6
22174,8
22655,8
22496,5
21991,5
22685,2
22206,3
22386,3
21889,10
22233,10
22196,10
22190,10
22296,10
21997,10
22276,10
22176,10
22163,10
22114,10
22584,10
22094,10
22549,3
22593,3
22587,7
22555,6
22193,6
22295,6
22396,6
22191,6
22143,6
21909,6
22370,6
22110,6
22134,6
21824,6
22213,6
21759,6
21795,6
22483,6
22123,6
21964,6
22011,6
22359,6
22476,6
22615,6
22618,1
22689,1
22302,1
22545,5
22157,5
22187,5
22050,5
22534,6
22686,6
22124,6
22306,6
22600,6
21867,6
21917,6
21927,6
22198,6
22136,6
22005,6
21922,6
22653,6
21687,6
21989,6
21976,6
21767,6
21924,6
21754,6
21843,6
21950,6
22000,6
22244,6
21685,6
22113,6
21837,6
21701,6
22042,6
21990,6
21813,6
21892,6
22079,6
22371,6
22046,6
21960,6
22041,6
21703,6
22434,6
21956,6
21718,6
21674,6
22037,6
22118,6
21723,6
21708,6
21747,6
22186,6
22327,6
21842,6
21744,6
21670,6
21672,6
21669,6
21850,6
21874,6
21704,6
21802,6
22127,6
21729,6
22149,6
22081,6
21975,6
22406,6
22159,6
22621,6
22548,9
22168,7
22641,7
22631,7
22061,7
22622,1
22401,4
21957,3
22561,1
22510,2
22057,1
22322,1
21769,1
21848,1
22410,9
21757,4
21717,4
21871,4
22184,4
22038,4
21817,4
21955,4
21852,4
21907,4
21873,4
21719,4
22240,4
21951,1
22544,8
22059,1
22131,1
22588,1
22407,1
22623,1
22418,1
22484,1
22173,7
22576,3
22229,3
22617,6
22325,6
22462,1
22358,3
22459,6
22630,6
22489,2
22238,2
22610,2
21881,5
21888,5
22251,5
21866,5
22068,3
21985,7
21652,6
22256,6
21937,6
22024,6
22429,6
22140,6
22153,6
22215,6
22288,6
22486,6
22267,6
22265,1
22560,1
21936,1
21736,1
22667,6
21831,1
22334,1
21786,1
22314,1
21984,1
21834,1
22154,1
22049,1
22177,1
22098,1
21906,1
22111,1
22009,1
22614,6
22666,2
22318,8
21969,4
21845,4
22533,4
22463,4
22624,4
22101,4
22596,4
22294,4
22333,4
22677,3
22180,2
21803,2
22499,2
22501,10
22138,3
22062,3
21979,2
22391,2
22169,2
22642,10
22643,10
22074,5
21780,5
21860,5
21787,5
21819,5
21977,5
21830,5
21751,5
21864,5
21945,5
21756,5
21677,5
21776,4
21738,4
21696,4
21773,4
21821,5
22152,5
22091,5
22084,5
21800,5
21884,5
21970,5
21890,5
21806,5
22210,5
22604,5
22438,5
22253,5
21777,5
21710,5
22520,5
22433,5
22384,5
22445,5
22436,5
22376,5
22194,5
21938,5
22058,5
21815,5
21797,5
22064,5
22367,9
22266,1
22629,1
22567,1
21929,1
22355,1
22564,7
22349,5
22356,5
22663,5
22204,5
22541,5
22682,7
22601,8
22658,8
22537,3
22096,7
22380,2
22649,10
22336,2
22640,2
22316,2
22035,7
22279,6
22498,2
22293,8
22246,8
21968,7
22390,2
22443,10
22570,10
22142,2
21804,3
21755,3
22105,3
21808,3
21882,3
21706,3
22078,8
22289,8
22013,8
21750,8
22414,8
22458,8
22579,8
22034,8
22524,8
21878,8
21700,8
21764,8
21982,8
21838,8
22485,8
22214,4
22164,3
22608,3
21827,3
21966,3
22332,3
21965,3
21742,8
21946,8
22383,2
22182,8
22363,8
22248,8
22282,2
22071,2
22523,2
22399,2
22269,8
22054,8
22447,8
22395,8
22472,5
22297,5
22375,5
22474,5
22217,5
22638,5
22591,5
22681,5
22578,5
22281,5
22287,5
22589,5
22077,6
22290,6
21870,6
22132,6
22495,6
22280,6
21758,6
22020,6
21688,6
22150,6
21886,6
22192,6
22451,6
22137,6
22160,6
21992,6
22019,6
21887,6
21713,6
22679,6
22468,6
21778,6
22234,4
22669,6
22504,6
22503,6
22562,5
22402,2
22611,10
22613,10
22338,10
22597,10
22250,2
22072,2
22216,2
22426,2
22051,2
22364,2
22323,2
22382,2
22546,2
22465,8
22416,8
22344,1
22440,9
22273,9
21898,9
22543,9
21863,9
22530,9
21921,9
22227,9
22183,9
22692,2
22634,10
22330,10
22301,10
22507,3
21963,3
22419,3
22066,3
22637,10
22300,10
22095,8
21809,8
21828,8
22412,8
22117,8
22331,10
21858,10
21974,10
22298,10
21980,10
21915,10
22400,10
21953,10
21959,10
21902,10
22620,10
22424,1
22461,6
21872,6
22514,6
22258,6
22181,1
21879,1
22379,2
22317,10
22139,10
22312,10
22475,3
22351,6
22512,8
22525,8
22404,4
22479,8
22478,8
22480,8
21790,2
22635,4
22076,4
22067,4
22684,4
21761,4
21682,4
21732,4
21743,4
21981,4
21791,4
21728,4
21781,4
22644,4
22243,4
22241,4
21768,4
21783,4
21731,4
22023,4
21940,4
21779,4
21734,4
21724,4
21770,4
22056,4
21735,4
21745,4
21862,4
21947,4
22001,4
21772,4
21942,4
22551,6
22394,6
22506,6
22004,6
22464,6
22606,6
22155,3
22521,8
22674,3
22467,3
22039,1
22027,1
21954,1
21825,7
22518,5
22104,4
22527,6
22377,5
22092,6
22284,2
22487,8
22224,8
22482,8
22481,8
22366,1
22547,3
22236,3
21914,7
22225,6
21854,6
21901,6
22374,10
22347,4
21894,1
21721,1
22353,1
22268,1
22491,6
22203,1
22455,1
22646,1
22239,1
22350,1
22648,1
22099,10
21988,2
21785,2
22219,2
21934,2
22007,2
22242,2
21801,2
22047,2
22249,2
21877,10
21749,7
21930,7
22211,7
21733,7
22109,7
21766,7
21833,7
22444,8
22494,5
21823,5
21811,5
22133,3
22531,4
21741,4
22270,5
21849,2
22542,8
22691,4
22659,1
21893,4
22580,4
21932,4
22422,4
21667,4
21684,4
21869,4
21883,4
21835,4
22354,4
22311,4
22161,4
22299,8
22497,7
21875,7
22162,7
21987,1
22089,1
22085,1
21865,8
22135,8
21994,8
21876,8
22166,8
22264,8
22448,8
22146,8
22582,1
21762,7
21993,7
22006,7
22693,7
21908,7
21840,7
22075,7
22473,8
22167,2
22165,2
21919,7
21859,7
22063,7
5357,1
5440,1
5474,1
5224,5
5445,5
5246,5
5218,5
5339,5
5291,5
5185,5
5188,5
5289,5
5288,5
5305,6
5134,1
5116,1
5353,1
5617,4
5383,9
5699,2
5207,2
5128,2
5204,2
5171,2
5122,2
5573,2
5257,2
5618,2
5475,2
5615,2
5182,2
5625,2
5232,2
5465,2
5667,2
5660,2
5639,2
5421,2
5106,2
5418,2
5272,2
5522,2
5610,3
5501,9
5644,9
5655,9
5638,9
5609,9
5229,9
5561,9
5387,9
5577,9
5557,9
5181,9
5225,9
5143,9
5391,9
5453,9
5365,9
5222,9
5646,9
5216,9
5457,9
5160,9
5300,9
5432,9
5278,9
5517,9
5150,9
5611,9
5675,9
5698,9
5494,9
5612,9
5495,9
5680,9
5642,9
5348,9
5555,6
5197,2
5492,8
5152,8
5211,8
5705,8
5637,8
5386,8
5487,7
5569,7
5512,2
5428,2
5108,2
5329,2
5330,2
5358,2
5367,2
5338,2
5704,2
5145,2
5333,2
5591,2
5454,7
5341,8
5678,3
5519,3
5415,8
5212,2
5433,1
5163,8
5191,8
5510,8
5544,8
5394,8
5314,8
5518,8
5456,2
5484,4
5593,6
5447,10
5528,4
5154,4
5196,9
5215,7
5570,7
5707,2
5703,2
5397,7
5363,3
5382,3
5296,7
5516,2
5694,9
5588,9
5156,9
5124,9
5189,9
5362,9
5237,9
5540,9
5130,9
5429,9
5242,9
5650,3
5469,8
5686,8
5123,8
5683,3
5502,3
5671,3
5265,3
5380,3
5096,3
5209,3
5402,3
5226,3
5177,3
5488,5
5281,3
5567,3
5302,3
5126,3
5213,1
5576,1
5410,4
5497,5
5255,5
5378,7
5473,7
5673,5
5490,6
5403,6
5508,6
5136,6
5214,6
5697,6
5351,6
5158,6
5170,6
5142,6
5334,6
5565,6
5405,5
5505,3
5375,9
5301,2
5411,2
5661,2
5199,2
5592,2
5467,10
5425,1
5322,1
5670,10
5113,10
5109,10
5139,10
5125,10
5164,10
5599,1
5102,1
5480,10
5227,7
5422,7
5151,7
5157,7
5119,7
5103,7
5202,7
5310,7
5138,7
5434,7
5184,7
5575,7
5132,7
5392,7
5254,7
5105,7
5186,7
5264,2
5596,7
5537,7
5524,7
5464,7
5273,7
5284,2
5443,2
5672,2
5452,2
5306,2
5258,2
5535,2
5388,2
5374,2
5240,2
5690,9
5628,5
5337,8
5201,3
5597,8
5251,8
5231,8
5371,2
5313,1
5662,1
5408,3
5560,3
5572,3
5442,3
5435,3
5583,3
5431,3
5585,3
5586,6
5347,6
5636,5
5438,5
5275,5
5234,3
5702,4
5210,3
5221,10
5448,10
5297,10
5311,8
5220,8
5316,8
5235,5
5558,5
5250,7
5416,2
5472,2
5165,7
5236,3
5178,10
5263,10
5312,1
5308,2
5162,1
5706,2
5708,10
5568,7
5571,7
5513,4
5587,4
5547,4
5155,2
5622,6
5584,2
5645,3
5619,3
5360,3
5368,3
5175,3
5509,3
5631,3
5626,3
5551,3
5450,3
5498,3
5244,3
5657,3
5533,3
5659,3
5463,3
5193,3
5589,3
5563,3
5095,3
5423,3
5600,3
5641,3
5476,3
5269,3
5245,3
5666,3
5446,3
5319,3
5292,3
5541,3
5481,3
5359,3
5562,3
5605,3
5607,3
5649,3
5195,3
5614,1
5633,1
5530,8
5400,8
5665,4
5166,4
5253,4
5342,4
5176,4
5203,4
5327,4
5283,6
5523,6
5548,6
5460,6
5578,6
5601,1
5643,5
5381,8
5620,1
5223,1
5478,1
5295,1
5114,5
5107,5
5384,5
5149,5
5101,5
5115,5
5187,5
5110,5
5121,5
5120,5
5271,5
5398,5
5267,5
5681,2
5372,2
5493,2
5580,4
5172,4
5696,4
5100,4
5117,4
5652,8
5345,10
5500,3
5606,6
5247,1
5241,5
5233,5
5598,5
5687,5
5437,5
5536,10
5409,9
5194,9
5419,9
5515,9
5532,9
5595,9
5407,9
5559,9
5190,9
5451,9
5693,9
5685,9
5427,9
5373,9
5483,9
5462,9
5579,2
5444,3
5634,4
5695,3
5376,2
5511,3
5167,5
5590,7
5377,7
5668,9
5135,3
5688,3
5277,8
5632,1
5252,1
5663,4
5328,8
5507,8
5179,8
5350,8
5285,8
5238,2
5674,1
5486,1
5174,4
5393,4
5294,4
5243,4
5192,4
5417,4
5691,4
5531,8
5529,8
5653,5
5206,7
5343,9
5326,9
5479,9
5439,9
5147,9
5356,9
5161,9
5141,9
5458,9
5217,3
5482,6
5527,6
5153,7
5466,6
5656,9
5340,9
5430,9
5623,1
5441,9
5180,6
5496,8
5354,9
5554,9
5361,9
5315,3
5208,10
5320,10
5262,10
5369,10
5282,10
5455,10
5318,10
5539,10
5390,10
5582,10
5379,10
5538,2
5503,8
5630,8
5317,8
5424,8
5556,10
5489,1
5491,3
5344,7
5335,2
5521,2
5389,1
5352,1
5504,1
5477,1
5581,1
5635,1
5309,1
5293,1
5127,1
5669,1
5303,10
5146,10
5331,10
5370,10
5307,10
5137,10
5404,10
5270,10
5627,8
5228,2
5468,1
5396,1
5506,6
5355,8
5219,1
5148,4
5459,4
5624,2
5401,2
5613,2
5104,1
5112,1
5111,1
5546,1
5349,1
5566,3
5260,1
5280,8
5564,9
5286,3
5700,3
5552,3
5414,3
5647,3
5514,3
5616,3
5553,3
5406,9
5256,8
5679,3
5249,3
5648,3
5183,2
5290,5
5385,9
5168,4
5173,4
5658,9
5324,3
5323,3
5543,3
5287,3
5608,3
5321,1
5692,1
5574,2
5332,7
5604,7
5248,1
5689,1
5276,1
5682,4
5279,5
5412,5
5545,6
5603,1
5261,1
5274,1
5461,1
5549,1
5664,1
5200,2
5470,4
5325,4
5098,4
5676,10
5471,2
5268,3
5485,5
5169,5
5259,5
5144,5
5413,5
5230,5
5426,5
5499,5
5436,5
5159,5
5131,5
5304,5
5346,5
5140,5
5364,5
5133,5
5239,5
5298,5
5542,5
5129,2
5118,2
5366,5
5299,9
5640,2
5651,2
5395,2
5449,1
5677,6
5266,1
5602,1
5399,6
5198,8
5621,8
5534,3
5701,3
5420,2
5097,2
5520,2
5629,2
5654,1
5205,9
5526,10
5550,3
5594,3
5684,3
5525,3
15466,7
15636,1
15379,3
15524,3
15489,3
15357,3
15255,3
15845,6
15252,9
15467,3
15455,3
15550,2
15866,5
15685,2
15655,2
15908,1
15448,1
15887,4
15765,4
15985,1
15780,1
15989,2
15577,1
15598,10
15274,8
15768,8
15760,3
15645,8
15844,8
15835,8
15916,8
15537,8
15741,8
15351,5
15743,5
15983,2
15853,2
15433,2
15891,2
15591,2
15531,5
15447,8
15894,4
15956,8
15763,10
15434,8
15268,2
15794,2
15473,2
15526,2
15482,2
15691,2
15369,2
15514,2
15599,2
15295,2
15354,2
15336,2
15875,2
15487,2
15344,2
15726,2
15803,2
15316,2
15586,9
15642,9
15911,9
15323,9
15409,9
15631,1
15982,4
15568,2
15848,2
15889,2
15345,1
15237,4
15267,4
15909,1
15658,1
15971,5
15332,2
15639,8
15834,4
15864,10
15580,10
15651,1
15728,2
15948,9
15809,9
15292,4
15846,9
15791,8
15705,8
15675,8
15659,8
15843,8
15495,6
15458,6
15446,4
15620,3
15235,3
15240,3
15230,3
15622,3
15528,3
15604,3
15930,3
15725,3
15331,3
15754,3
15839,3
15234,3
15861,3
15828,3
15716,3
15637,1
15928,1
15941,5
15792,5
15626,5
15484,5
15729,5
15854,2
15518,2
15595,5
15432,1
15248,3
15878,2
15756,7
15306,2
15902,2
15673,2
15301,2
15347,2
15352,2
15462,2
15935,7
15715,7
15480,7
15900,2
15958,3
15343,5
15571,6
15596,3
15966,9
15779,3
15649,6
15870,6
15773,6
15736,6
15818,6
15257,6
15258,6
15261,6
15746,6
15322,6
15819,8
15481,10
15952,5
15783,3
15419,3
15800,9
15667,4
15630,4
15317,4
15961,4
15704,7
15682,8
15924,8
15353,8
15709,8
15776,9
15601,3
15643,10
15940,9
15465,9
15445,3
15805,9
15671,9
15512,4
15884,3
15784,3
15521,3
15594,8
15733,8
15910,2
15714,7
15957,7
15876,9
15718,1
15394,1
15475,1
15950,1
15238,9
15311,9
15483,9
15452,6
15371,4
15702,4
15381,1
15542,5
15739,5
15430,5
15293,5
15341,5
15786,5
15470,5
15525,5
15464,5
15365,5
15899,5
15710,5
15307,5
15623,5
15592,8
15795,8
15401,3
15253,4
15981,1
15857,2
15697,2
15564,3
15698,2
15290,5
15269,5
15557,5
15732,3
15901,10
15242,10
15825,2
15944,2
15578,2
15310,2
15793,2
15833,2
15427,2
15873,2
15612,8
15506,4
15635,6
15361,6
15393,4
15972,7
15753,10
15611,10
15700,10
15340,10
15471,10
15329,10
15441,10
15373,10
15435,2
15603,3
15863,3
15606,8
15737,6
15449,6
15436,6
15312,6
15535,6
15549,6
15428,6
15246,6
15918,6
15288,6
15281,9
15905,9
15615,9
15403,9
15807,7
15865,7
15302,7
15822,7
15764,7
15722,7
15450,7
15276,7
15777,7
15451,7
15426,7
15319,7
15541,7
15588,7
15416,7
15871,7
15661,9
15565,3
15706,3
15286,7
15555,7
15350,2
15328,2
15500,2
15538,2
15402,2
15418,2
15547,2
15277,2
15581,3
15634,3
15548,3
15840,3
15738,3
15892,3
15735,3
15304,3
15583,3
15508,3
15280,6
15720,7
15463,7
15969,7
15385,7
15247,7
15245,10
15713,10
15646,3
15914,6
15829,5
15367,7
15585,6
15562,2
15346,8
15693,6
15774,1
15841,7
15613,1
15859,1
15510,1
15545,1
15897,5
15602,2
15932,8
15366,3
15605,4
15842,4
15283,4
15321,3
15881,5
15648,5
15294,5
15614,5
15477,5
15796,2
15699,1
15554,1
15517,1
15621,1
15678,1
15806,1
15750,1
15917,1
15802,1
15437,1
15824,8
15960,2
15749,5
15413,5
15556,2
15814,1
15405,3
15326,8
15640,8
15573,8
15490,4
15762,5
15271,5
15663,5
15923,5
15850,5
15479,4
15348,4
15388,4
15511,4
15513,4
15424,4
15755,4
15533,4
15832,4
15576,8
15360,8
15727,8
15821,8
15355,8
15421,8
15943,3
15459,3
15358,3
15572,4
15689,6
15318,6
15627,6
15376,10
15563,4
15674,1
15816,1
15730,5
15558,9
15959,8
15273,1
15797,1
15931,9
15696,9
15504,8
15965,8
15260,2
15830,10
15425,1
15683,9
15370,9
15823,6
15915,3
15289,3
15856,8
15752,8
15334,5
15429,1
15491,4
15757,3
15486,7
15766,2
15665,2
15325,2
15810,1
15284,1
15399,10
15359,2
15984,2
15262,9
15315,9
15567,10
15574,10
15747,10
15617,10
15587,10
15543,2
15855,7
15968,8
15515,8
15967,8
15608,8
15431,8
15468,8
15898,8
15945,8
15566,8
15740,8
15820,8
15712,8
15973,8
15831,8
15410,3
15400,3
15688,3
15641,3
15593,3
15895,1
15618,6
15838,8
15656,2
15509,5
15507,5
15492,5
15771,5
15868,1
15291,6
15372,6
15893,4
15885,3
15279,2
15398,5
15813,5
15415,5
15681,5
15287,5
15263,5
15298,5
15812,5
15582,5
15638,5
15946,5
15919,5
15590,10
15936,5
15954,5
15519,5
15687,5
15799,5
15420,5
15719,5
15652,5
15356,5
15921,5
15335,5
15913,2
15296,9
15575,6
15976,6
15440,6
15731,6
15333,2
15879,5
15742,5
15299,5
15390,5
15679,5
15314,5
15362,5
15707,1
15498,6
15724,1
15579,2
15559,2
15662,2
15880,2
15775,2
15890,2
15770,2
15522,2
15256,2
15417,1
15759,2
15423,2
15610,2
15530,2
15391,2
15912,2
15633,2
15374,2
15278,2
15906,2
15708,2
15551,2
15377,2
15439,2
15305,2
15469,2
15297,2
15285,2
15320,2
15979,2
15309,2
15694,2
15798,3
15395,2
15939,7
15669,9
15926,1
15600,1
15628,6
15389,6
15493,6
15811,1
15927,2
15978,1
15561,7
15386,8
15265,8
15244,3
15570,10
15453,2
15964,2
15408,2
15460,2
15259,3
15364,1
15589,2
15485,2
15657,2
15303,2
15411,2
15272,2
15505,2
15837,2
15266,2
15275,2
15383,2
15412,2
15396,2
15380,2
15251,2
15695,2
15676,3
15672,10
15644,7
15406,7
15414,7
15817,7
15337,7
15392,4
15874,4
15516,4
15745,4
15327,4
15920,4
15438,4
15249,4
15454,4
15241,4
15717,4
15378,4
15609,4
15444,5
15330,5
15808,2
15546,6
15488,6
15254,6
15313,6
15804,6
15654,10
15987,10
15886,5
15250,3
15236,10
15869,10
15474,7
15888,3
15407,10
15882,2
15867,6
15748,2
15860,2
15849,2
15980,2
15384,2
15677,9
15499,2
15243,2
15815,7
15934,5
15827,6
15239,6
15523,6
15494,6
15701,6
15342,6
15653,6
15986,4
15442,1
15270,9
15872,1
15584,1
15772,1
15781,7
15904,2
15789,4
15324,5
15232,5
15937,2
15955,1
15300,10
15472,5
15836,5
15282,2
15607,1
15534,1
15660,10
15502,5
15349,9
15456,3
15907,3
15970,1
15664,1
15422,3
15942,3
15382,2
15532,2
15597,2
15721,2
15616,2
15536,2
15767,2
15560,2
15974,2
15476,2
15852,2
15457,2
15650,2
15782,2
15975,2
15503,2
15761,2
15938,2
15922,1
15387,4
15723,3
15933,1
15670,1
15903,10
15988,4
15496,8
15790,8
15787,8
15684,8
15751,8
15308,8
15501,8
15619,8
15368,8
15544,8
15363,8
15666,1
15778,2
15539,2
15949,2
15264,1
15527,6
15690,1
15862,1
15929,6
15647,6
15461,2
15375,2
15569,2
15632,2
15686,5
15553,5
15552,5
15785,5
15801,5
15629,5
15758,5
15397,5
15851,5
15847,5
15896,5
15520,5
15703,5
15769,5
15826,7
15977,2
15883,10
15478,6
15962,7
15734,7
15744,5
15788,9
15540,3
15624,2
15711,2
15963,2
15668,7
15947,7
15497,4
15443,5
15339,10
15680,10
15692,3
15951,3
15953,3
15858,3
15625,5
15877,5
7044,2
6397,2
6515,2
6559,2
6600,2
6570,2
23258,4
23171,8
6801,5
6423,5
6443,5
6468,5
6341,5
6439,5
6493,5
6870,5
6405,5
22994,1
23229,6
23233,6
23602,6
23140,7
23266,7
23189,8
23199,8
23592,8
6480,8
6626,8
6674,8
6576,8
6427,8
6885,8
6455,8
6857,8
6399,8
6756,8
6289,8
6323,8
6868,8
6738,8
7059,4
6695,4
6309,4
6386,4
6984,4
6401,4
22927,10
6390,3
7094,4
6982,4
7081,4
6993,4
7032,4
6976,4
23226,10
22884,9
23393,9
23180,9
23399,9
22799,9
23155,9
23046,10
23256,10
22990,10
23070,10
6335,2
22760,1
22748,1
7026,9
7001,9
6629,9
6992,9
6935,9
6749,9
6772,9
6656,9
6566,9
6766,9
6339,9
6723,9
6774,9
6536,9
6977,9
6621,9
6791,9
6778,9
6298,9
6385,9
6752,9
6948,9
7012,9
6928,9
6939,9
6937,9
6651,9
6471,9
6311,9
7008,9
6464,9
7040,9
7007,9
6420,9
7036,9
23451,9
23156,9
23295,9
23125,9
23443,9
23297,9
23464,9
23453,9
23457,9
23446,9
23030,9
23272,9
23460,9
23472,9
23375,9
23452,9
23172,9
23335,9
23004,9
23445,9
23466,9
23447,9
23220,9
6757,9
6539,9
6466,9
6666,9
6941,9
6954,9
6388,9
6978,9
7022,9
6426,9
6477,9
6790,9
6745,9
6360,9
6639,9
6301,9
6667,9
7005,9
6446,9
6795,9
6564,9
7020,9
6773,9
6569,9
7038,9
6775,9
6985,9
6776,9
6988,9
6962,9
6291,9
6945,9
6483,9
6934,9
6618,9
6430,9
6936,9
23573,5
23517,5
23184,5
23085,5
23546,5
23185,6
23388,6
23246,6
23613,1
23234,1
23477,1
23459,2
6336,9
6434,8
6478,8
6605,8
22870,8
23560,8
23279,8
23461,8
7065,8
6843,8
6345,8
6295,8
6503,8
6755,8
6837,8
6835,8
6342,8
23622,8
7078,8
6402,8
6319,8
6847,8
6838,8
6841,8
6850,8
6839,8
6836,8
6586,8
6848,8
6831,8
7061,8
7084,8
7018,8
23417,6
23496,2
23476,2
23506,2
23630,2
6706,7
6485,7
6551,7
6435,7
6931,7
6938,7
6418,7
6582,2
6411,2
7014,7
23138,5
22813,8
22898,8
23150,10
6917,8
7047,8
6679,3
6771,3
6581,8
6484,8
6521,8
7019,2
6572,2
6377,2
6398,2
23520,4
6726,8
6986,8
23328,5
23174,4
23584,4
6545,7
6474,7
6769,7
23350,9
23144,9
22696,9
23117,9
22807,9
22698,9
6716,9
6590,9
23288,9
6803,9
23053,1
23066,1
23287,4
6742,7
6482,10
6705,4
7043,2
7058,2
22777,8
7076,1
23522,2
23550,2
6932,7
23511,9
23041,9
22786,9
23515,9
22931,9
23027,9
23214,9
23114,9
22766,9
22925,9
23264,9
23514,9
22962,9
22814,9
22705,9
23519,9
22771,9
23281,9
22801,9
22775,9
23513,9
22933,9
22810,9
23187,8
6856,3
6880,3
6691,3
23505,8
23408,9
23548,2
22763,2
22826,8
23590,8
22845,8
22734,8
22946,8
23594,8
6353,3
23342,3
6811,8
6873,8
6406,8
6660,8
6449,8
6511,8
6615,8
6316,8
6370,8
6514,3
6350,3
23309,3
23426,3
23062,3
22989,3
22930,3
23139,3
22914,3
22877,3
22844,3
22901,3
23250,3
22811,3
6965,3
22932,2
23585,1
22986,1
23381,1
23165,1
23022,1
23383,1
23334,1
22953,1
22941,1
23023,1
22749,3
22783,3
22780,3
23087,3
22827,3
22758,3
22905,3
22743,3
22731,3
22741,3
6329,3
6826,3
6334,3
6447,3
6829,3
6372,3
6325,3
6317,3
6832,3
22858,1
6563,6
23021,9
7034,2
6400,7
23317,3
6481,1
6970,2
6523,2
6544,2
23449,8
23299,8
23415,2
6942,7
23387,6
22875,6
22940,6
22847,6
23440,6
23547,6
22727,6
23291,6
22830,6
22999,6
23554,6
22793,6
23564,6
22720,6
22779,6
23574,6
6844,6
6676,6
6699,6
6833,6
22753,7
23047,7
22730,7
23591,2
6589,3
6378,3
23423,2
6599,6
6680,6
23438,3
7051,1
23392,6
6981,6
7072,6
23136,1
22988,1
23333,3
22880,9
22908,9
23075,9
23475,9
23436,9
23557,9
23280,9
6275,8
23019,10
22949,10
6413,9
6828,4
23615,4
23213,4
6915,4
6902,4
6897,4
6892,4
23194,4
22915,4
23625,4
23043,4
23261,4
22723,4
23432,4
23485,4
23007,4
23103,4
6708,4
23528,1
23540,1
23523,1
23572,1
6864,7
6906,7
6859,7
6922,7
6665,5
6527,5
6472,5
6415,1
6456,10
6531,9
23289,1
23294,1
23450,1
22841,1
23020,1
22851,1
23407,1
22778,1
6517,10
7030,10
6322,10
6392,10
22855,1
22970,1
23086,1
23313,1
22707,1
22736,1
22724,1
22819,1
23122,1
22768,1
22839,1
22715,1
22712,1
22822,1
22732,1
22874,1
22759,1
22882,1
22751,1
22747,1
22834,1
22831,1
22756,1
23545,1
22878,1
23026,1
6279,1
22944,10
6638,10
6502,10
6381,3
6863,7
6876,7
23013,7
23183,4
23249,4
23531,4
22708,7
22703,7
22713,7
22733,7
22695,7
22710,7
22842,7
6580,7
6445,7
6409,7
6331,7
6333,7
6827,7
6354,7
6307,7
6286,7
6419,7
6442,7
6308,7
6513,6
23525,8
23312,1
23079,4
23360,7
22981,7
23131,7
23416,7
23058,7
22907,7
23379,7
23029,7
6999,7
6700,7
6702,7
6374,7
6995,7
6678,7
6441,7
7028,7
6697,7
6437,2
6903,9
23486,9
6685,9
23629,9
23340,9
23077,9
23083,9
6577,3
22912,2
23377,2
23495,1
23617,6
23072,4
23595,4
6768,5
6554,5
22737,5
23580,8
22887,8
23065,8
23507,6
23105,5
7088,10
7066,10
6657,10
6671,10
23378,6
23232,6
6883,6
7015,6
6673,6
6983,6
6918,6
6958,6
6792,6
23412,6
22922,6
22764,6
23151,6
22939,6
22761,6
23402,6
23433,6
22835,6
22744,6
22980,6
23473,6
22803,6
23028,6
23628,4
23624,4
23170,7
23347,6
23175,6
22725,6
23158,8
6721,5
23579,5
22899,5
23200,5
6694,5
6346,5
6767,5
6391,3
6681,3
6990,4
23503,3
23005,3
23082,3
23434,10
23424,10
23235,10
6556,10
6530,10
23403,1
23323,7
22934,7
22735,6
22935,6
23015,6
22754,6
23219,6
6737,5
6846,7
6340,7
23439,6
23201,8
23396,1
23330,1
6980,2
6998,2
7053,1
7033,1
6486,7
23425,5
22997,3
6436,5
23182,5
6500,1
6711,3
6842,2
6796,1
7046,2
7037,2
23536,6
23084,6
23310,6
23135,6
22972,6
23305,6
22951,6
23285,6
23307,6
22714,6
22769,6
22711,6
22785,6
23148,6
23044,7
23078,7
23543,7
23539,7
23320,7
6643,10
6744,2
6518,9
6703,4
23268,2
7070,3
23518,8
7062,10
22853,2
22960,2
22762,2
6953,2
22964,10
7089,1
23259,1
6979,1
6475,1
6969,1
23137,1
6858,1
7067,1
6347,1
6274,1
6278,1
6294,1
6362,1
6366,1
6490,1
6869,1
6663,1
6878,1
6355,1
6499,1
6786,1
6457,1
6788,1
6804,1
23487,1
23217,1
22892,1
22849,1
23290,1
22787,1
22750,1
23094,1
23068,1
23128,1
22790,1
23074,1
22860,1
22998,1
23179,1
23188,1
22916,1
23071,1
23490,1
23401,1
22755,1
23470,1
23033,1
23632,1
22862,1
22909,1
22942,1
22910,1
23089,1
23024,1
23365,1
23332,1
22816,1
23143,1
23553,1
23609,1
23209,1
23225,1
23326,1
23376,1
22795,1
6763,8
7077,9
23336,9
23142,4
22948,4
22836,4
23394,4
23385,4
22872,4
23056,4
23555,4
23012,4
22776,4
23325,8
6655,8
6652,8
23329,8
6963,4
6719,4
23025,6
23448,6
7042,10
23206,8
23339,3
23036,1
6731,4
23541,4
23236,4
23197,4
22979,4
22894,4
23421,4
23239,4
23367,4
23238,4
23398,4
23240,4
23599,1
6548,3
6727,1
6952,1
6780,7
23482,3
23586,7
7017,7
6593,7
6933,7
7000,4
6429,10
6440,10
6598,10
23161,3
23141,3
23389,3
6817,3
7092,6
6961,8
6996,8
6783,9
6779,9
23196,6
23275,6
22954,6
23611,6
22802,6
22866,6
22850,6
23441,6
23607,6
23282,6
23221,6
23002,6
23160,6
23465,6
23456,6
23420,6
23061,6
6592,6
23626,6
6432,6
6579,6
6428,6
6371,6
6901,6
6568,6
7056,6
6358,6
6537,6
6519,6
6628,6
6725,2
6535,2
6696,2
6641,2
6613,2
6810,2
6636,2
6808,3
6383,3
6886,3
6890,3
6908,3
6877,3
6640,3
6900,3
6614,3
6644,3
6425,3
6654,3
6867,3
6789,3
6489,3
23109,5
6532,10
6376,10
6800,6
6627,6
7083,1
7093,1
6717,1
6722,1
23051,3
23619,7
23409,7
23430,7
6542,8
6675,8
6622,8
6557,8
6781,8
6777,8
6819,8
6561,8
6750,8
6612,8
23054,3
22965,3
23133,3
6553,4
6454,4
6520,4
7091,2
6927,3
7027,4
23631,6
23097,6
23404,6
23492,1
6688,6
6802,2
6929,5
6369,5
22809,4
22977,4
22825,4
23431,4
6785,2
22852,9
6604,6
23551,5
6947,10
7003,10
6973,10
6816,10
6488,10
6747,10
23205,2
23558,2
22876,2
23510,2
23210,2
23346,2
6987,7
6562,7
6714,7
7021,7
6724,7
6609,7
6959,7
6972,7
6424,7
6338,7
7069,7
6623,7
6865,10
6799,1
23561,5
23306,5
22789,5
22784,5
22891,5
22722,5
23228,5
23014,5
22738,5
23003,5
22791,5
22742,5
22704,5
23532,5
23073,5
22992,5
6597,5
6318,5
6300,5
6375,5
6387,5
6733,2
6602,2
6911,2
6910,2
6285,4
6825,4
6305,4
6512,4
6280,4
22718,4
22719,4
22699,4
22721,4
22700,4
6292,4
6303,4
6273,4
6276,4
6379,4
6290,4
6606,4
6281,4
6283,4
6284,4
6997,8
7082,9
7009,9
6718,9
6373,9
6794,9
6277,9
6504,9
6957,7
23252,7
7068,5
23620,7
7074,1
7073,1
7086,4
6670,5
6672,5
23414,5
23112,5
23222,5
23120,5
23349,5
23039,5
22937,5
6324,5
6896,5
6431,5
6762,5
6760,5
6782,5
6677,5
6704,5
6881,5
6611,5
7071,2
7011,3
6949,8
7029,1
6584,1
6814,10
6587,10
6754,10
6438,9
6692,9
6698,9
6647,9
6616,9
6729,9
6659,9
23059,1
23497,1
23177,1
23276,1
23491,1
23311,1
7075,3
7080,4
23169,2
23400,2
23091,2
23195,2
23191,2
23391,2
23384,2
23270,2
23308,2
23192,2
23354,1
23559,1
23562,1
23512,1
23534,1
23088,1
23371,1
23530,1
23570,1
23556,1
23274,1
6595,6
6822,6
6585,6
6558,6
6453,5
6601,5
7097,3
23318,7
23267,1
23596,1
23428,4
23422,4
22726,10
23009,3
23080,6
23277,10
23418,6
23230,1
23603,1
23587,1
22974,6
23566,3
7055,8
7063,8
6619,8
23614,7
23111,7
23600,7
23348,7
22959,7
23508,7
22955,7
23198,7
23092,7
23124,7
23489,7
6862,2
23467,2
23153,5
6479,8
6501,7
22883,7
23186,7
6648,7
6534,7
23301,9
23132,9
23129,5
23037,7
23355,3
22752,3
6634,3
23146,8
6552,3
23243,1
23521,1
23516,1
6944,4
23269,8
23341,8
22739,8
22729,8
22861,8
23001,8
22871,8
22900,8
22961,8
22829,8
23366,8
22848,8
23110,8
23034,8
22947,8
23397,1
23575,2
6448,8
6855,8
6642,8
23623,8
6914,8
6452,8
6798,8
7025,8
6469,8
23006,8
22794,8
23248,8
22889,8
22846,8
23605,8
22805,8
23504,8
23458,8
23370,8
23316,8
6921,8
6753,8
6860,8
23104,8
6891,8
23265,8
22828,8
23351,8
23357,8
23502,8
22804,8
23509,8
6889,8
23529,2
6653,2
22856,2
6951,7
6541,1
7050,8
23116,8
23145,8
22806,8
23152,8
23253,8
23166,8
23589,8
23364,8
23331,8
22968,8
23163,8
23050,8
22929,8
23176,8
6950,7
6923,10
23500,2
22895,2
23480,2
23581,2
23463,2
23017,2
23099,2
23469,2
6797,7
6610,7
6560,7
6550,7
22873,8
23178,8
6874,5
23563,5
6416,2
6761,3
6356,9
22772,6
23427,6
23537,6
23193,6
22879,6
6975,6
6412,7
6459,1
6960,5
23369,3
6315,6
6524,1
6658,3
6380,3
6624,3
7006,2
6994,5
6940,2
6645,9
7035,2
23362,2
22746,4
23244,2
23216,2
23147,10
23049,10
23102,2
23101,2
23283,10
22757,1
6367,1
6748,7
6529,1
22782,9
23237,9
23455,9
23386,9
6617,9
23627,9
22945,9
23173,9
23597,9
22867,9
23499,9
22896,9
23107,9
23157,9
22706,9
23038,9
23048,9
22833,9
22837,9
22958,9
22796,9
22817,9
22812,9
23372,9
23081,9
23498,9
23610,9
22963,9
22991,9
22774,9
22728,9
22995,9
23106,9
22919,9
23273,9
23245,9
23353,9
22983,9
22911,9
22857,9
23494,9
23164,9
23356,9
22694,9
22906,9
22923,9
23035,9
22740,9
22838,9
23031,9
23223,9
23338,9
23057,9
23181,9
22975,9
6414,9
6907,9
6920,9
6669,9
7023,8
6540,8
22788,7
6343,2
6830,3
23621,8
7049,8
6872,8
23212,8
23618,8
23254,8
22821,8
23093,8
6913,8
6912,8
6661,10
6603,10
22832,10
23593,10
22854,10
7041,10
6899,4
6884,1
6352,1
6528,2
6496,2
7057,1
7045,1
23571,10
23578,10
23211,10
23481,10
7096,7
23247,10
7048,10
23544,10
23524,10
6596,5
6735,5
22865,8
6359,4
6926,4
6871,4
6925,4
7052,4
7039,1
6879,1
6701,1
22902,1
23060,1
23462,1
22969,1
23454,1
23100,1
23255,1
23413,1
23154,1
23321,1
23315,1
6543,5
6461,5
23000,3
23598,3
23435,3
23119,3
23045,3
6759,3
22973,2
22982,2
23419,10
6751,1
6578,1
6458,1
6720,2
6631,2
6806,2
6715,2
6546,2
6357,2
6633,2
6462,2
6408,2
6310,2
6882,2
6812,2
6368,2
6293,2
6684,2
6765,2
6805,2
6649,2
6887,2
6741,2
6693,2
6875,2
6682,2
6450,2
6888,2
23576,3
23303,3
23565,3
23008,3
23552,3
6852,3
6287,3
6834,3
6845,3
22978,1
23298,6
23064,6
23016,6
23601,6
23483,6
23090,6
23588,6
23382,6
23583,6
23478,6
23488,6
23484,6
22950,6
7079,6
6344,1
23322,5
22921,5
22808,2
23018,2
23067,2
6460,4
6421,10
6304,10
6403,10
6956,10
6588,10
6407,10
6351,10
6410,10
6989,10
6364,10
6567,10
6337,10
6565,10
7060,10
6964,1
6690,5
23411,4
23319,4
22886,4
22897,4
23115,4
23218,4
22893,4
23337,4
22984,4
23113,4
23429,6
23300,6
6840,8
23032,3
23359,1
6389,10
6967,10
6784,10
6509,10
6683,10
6740,10
6497,10
7085,9
7054,5
23095,8
6635,1
7010,1
7095,1
6851,1
6302,1
6313,1
6327,1
6299,1
23096,3
6495,6
6507,6
6505,6
6955,6
7064,6
23343,7
6689,1
6312,3
6326,1
6433,1
6632,1
22820,1
23123,1
23286,1
23345,1
22924,1
23569,1
22957,1
23127,1
23568,1
6866,10
6470,10
6404,10
6732,9
6770,6
6444,6
7090,9
7098,9
6739,8
6813,8
6451,6
23167,8
7004,3
6662,3
6650,3
6707,3
6668,3
6620,3
6571,3
6396,7
22926,8
22800,8
23437,3
6734,3
6854,3
23251,7
7016,6
23168,2
23263,7
22904,6
23493,2
22993,2
22987,4
22971,4
23069,4
23314,4
23604,4
23444,4
23292,4
23204,4
22938,4
23406,1
6473,1
6898,1
6522,1
6574,9
6533,9
6849,9
6730,3
6664,3
6853,3
6393,1
23526,8
23190,2
23130,2
23159,2
23262,10
23296,10
22956,10
23395,7
23202,7
23405,7
6525,7
6349,7
6422,7
6991,7
6974,7
6492,7
6966,7
7013,7
22773,7
23227,7
22840,7
23108,7
22890,7
23207,7
22885,7
6384,7
6476,7
6508,7
6861,7
6549,7
6348,7
6594,7
6968,7
6487,7
6320,7
6687,7
7087,7
6728,7
6743,7
6746,7
23358,5
23076,8
23242,8
23344,2
23126,5
6465,5
6946,5
22863,5
23052,5
22996,5
22952,5
22917,5
22868,5
22765,5
22943,5
23533,5
22815,5
23368,5
22966,5
22792,5
23241,5
22985,5
6894,4
23149,7
23352,7
23612,7
23231,5
23162,5
6820,2
22824,2
23361,1
23471,4
23501,4
6905,4
6815,4
6924,4
6713,4
6930,4
6904,4
6809,4
6363,4
6282,4
6321,4
6365,4
6916,4
6823,4
6575,4
6330,4
6417,4
6494,4
6895,4
6824,4
23224,4
22701,4
22702,4
22913,4
22716,4
22697,4
22798,4
22717,4
22781,4
22843,4
23203,4
22881,4
22903,4
23011,4
23410,4
22918,4
23474,4
6893,4
23616,4
6821,10
6712,10
6538,10
6314,1
6328,1
6288,1
6382,1
6394,1
23121,8
22818,9
6919,7
6909,7
23542,5
23215,5
22936,1
23327,1
23390,2
22864,2
6510,2
6764,7
6516,7
23608,1
23042,1
23208,1
23373,1
6297,5
6306,5
6296,5
6608,5
6491,2
6607,2
6646,2
6637,2
6625,2
6498,2
7002,9
7024,9
6686,9
6971,2
6736,10
6709,10
6710,2
6526,6
6506,6
23538,8
23271,8
23260,8
23535,8
23567,8
6395,8
6573,8
23098,7
23134,7
22859,7
22967,7
23257,7
23010,7
22709,7
23302,7
23118,7
22770,7
23363,7
22888,7
23549,7
23055,7
23304,7
23278,7
23284,7
23527,7
23293,7
22869,7
22797,7
23040,7
23380,7
6467,3
6630,3
23374,2
6583,1
6463,1
6591,1
6332,1
6361,1
6793,1
6555,1
23442,3
23468,3
23582,3
23606,3
23324,3
23577,6
23479,6
6943,2
7031,2
6547,7
22976,2
6758,10
22767,4
22928,4
23063,4
22745,4
22823,4
22920,4
6818,2
6787,2
7246,1
7377,1
7448,1
7234,1
7337,1
7354,3
7308,5
7384,5
7282,5
7361,5
7174,5
7289,5
7162,1
7340,2
7430,4
7189,9
7219,2
7273,2
7110,1
7102,1
7106,1
7171,1
7398,9
7258,9
7395,9
7139,9
7146,9
7176,9
7393,9
7159,9
7424,9
7305,9
7437,9
7117,9
7153,9
7279,9
7333,9
7386,9
7265,9
7320,9
7165,8
7177,8
7199,8
7455,8
7179,8
7135,8
7325,8
7205,8
7129,8
7235,8
7138,8
7457,8
7268,8
7314,8
7454,8
7332,8
7115,8
7216,8
7436,7
7440,7
7432,7
7210,7
7379,7
7284,7
7270,2
7281,2
7352,2
7261,2
7252,2
7368,2
7456,2
7297,2
7142,2
7185,3
7204,4
7195,2
7240,2
7201,8
7446,3
7330,3
7107,3
7371,8
7178,8
7166,8
7358,8
7182,8
7298,8
7207,2
7168,9
7365,9
7127,9
7108,7
7225,7
7334,7
7315,10
7101,7
7419,5
7260,9
7250,6
7350,4
7221,3
7123,3
7431,3
7150,3
7230,3
7208,2
7147,5
7118,3
7103,3
7249,3
7396,6
7290,6
7278,1
7328,1
7411,1
7187,7
7114,7
7202,7
7410,5
7327,5
7427,6
7183,6
7378,3
7164,2
7409,3
7428,3
7186,9
7121,2
7253,2
7349,7
7445,10
7338,10
7351,7
7313,7
7367,7
7307,7
7444,9
7413,3
7363,3
7276,8
7331,8
7309,5
7215,5
7130,5
7288,5
7198,5
7326,7
7380,3
7336,4
7451,7
7285,3
7296,8
7191,7
7170,7
7099,10
7148,10
7302,6
7381,5
7256,1
7293,10
7222,10
7452,10
7238,10
7442,10
7402,10
7447,10
7359,1
7271,10
7453,10
7213,7
7459,10
7203,10
7247,10
7131,1
7355,2
7236,1
7275,2
7303,1
7353,2
7196,9
7231,3
7422,3
7464,3
7450,3
7405,3
7223,3
7143,9
7323,3
7292,4
7311,4
7200,4
7241,4
7345,4
7372,4
7301,4
7426,4
7360,4
7348,4
7373,4
7394,4
7251,7
7376,6
7312,2
7388,1
7414,10
7152,1
7344,7
7248,7
7120,7
7112,7
7408,1
7160,4
7109,4
7224,4
7257,8
7420,2
7356,2
7218,9
7412,6
7316,1
7229,5
7369,5
7306,9
7366,9
7433,1
7212,2
7226,7
7126,8
7134,8
7133,7
7390,7
7175,7
7158,6
7206,6
7145,7
7161,1
7418,8
7465,1
7192,1
7193,1
7397,1
7267,1
7429,1
7343,1
7401,1
7324,3
7254,9
7335,9
7425,9
7263,9
7342,9
7417,9
7245,9
7441,9
7382,5
7439,5
7318,1
7438,1
7423,1
7407,1
7375,5
7347,10
7346,10
7387,10
7157,2
7125,5
7128,5
7449,8
7272,2
7242,2
7259,10
7443,1
7141,7
7180,5
7151,4
7421,5
7416,1
7149,8
7294,3
7228,3
7264,3
7100,3
7214,1
7211,10
7283,10
7389,2
7244,7
7217,2
7461,1
7321,5
7462,2
7300,10
7154,1
7299,7
7136,3
7104,3
7237,5
7341,3
7322,3
7310,3
7280,3
7458,3
7304,3
7111,5
7194,8
7370,8
7400,1
7220,3
7255,4
7291,4
7227,9
7317,9
7406,3
7434,3
7391,4
7383,4
7364,7
7319,7
7140,5
7113,5
7124,5
7116,5
7357,1
7239,1
7415,1
7243,1
7209,1
7329,8
7184,5
7197,1
7403,8
7155,1
7399,8
7167,7
7392,7
7122,5
7181,5
7173,5
7169,5
7144,5
7137,5
7119,2
7163,2
7132,5
7156,5
7374,1
7232,1
7233,1
7295,1
7274,2
7105,5
7287,1
7188,6
7339,6
7172,8
7463,2
7404,2
7266,2
7286,1
7385,1
7269,9
7190,7
7435,10
7460,3
7262,3
9787,2
27384,3
27374,1
9955,5
27000,2
26896,5
26633,1
9603,1
10302,3
10195,3
26547,6
10203,2
10332,2
10188,10
9738,1
9621,1
9673,1
26677,1
27098,8
9573,8
26802,7
27171,7
26708,7
27147,7
26558,7
26591,7
26489,7
26714,7
27080,7
26734,7
27068,7
26636,7
26702,7
27189,7
27143,7
27045,7
27252,7
27199,7
26551,7
27075,7
27275,7
27282,7
27354,7
27236,7
26764,7
26829,7
26704,7
27278,7
27223,7
27116,7
27213,7
27208,7
27381,7
26622,9
27071,5
27149,5
26573,5
10019,2
26676,6
26923,6
27188,2
26545,6
27301,7
9662,2
10068,10
10299,7
9560,7
10238,7
27305,9
26482,2
9531,2
9693,2
26529,2
26589,2
9781,8
26887,5
9751,7
9795,7
9844,7
10169,7
10308,7
9871,7
9853,7
9920,7
10023,7
10281,7
26967,7
10232,7
26839,6
9813,4
9815,4
9995,4
10293,4
9748,4
10146,4
10101,4
10092,4
10042,2
27172,5
26682,1
26736,1
26555,3
9975,10
26537,1
10319,8
9775,8
9613,1
9653,1
9869,1
9635,1
26618,1
26925,9
27378,9
26920,9
27345,1
10144,10
27058,1
26755,4
27387,6
27210,1
27244,4
27094,4
27330,1
27284,1
27377,2
27392,1
10014,2
27164,1
10344,5
27228,1
10015,4
26888,4
26877,1
26981,4
27406,4
27029,4
27152,4
27371,4
26624,4
26580,4
26693,3
26530,3
27206,4
27167,4
26639,4
26579,4
27022,4
26851,4
26768,4
26668,4
26513,4
26637,4
26538,4
26813,4
26528,4
26674,4
26745,4
26790,4
26685,4
26649,4
26797,4
26771,4
26650,4
26741,4
27041,4
27217,4
27185,4
26611,4
26627,4
26691,4
26756,4
27073,4
26670,4
26626,4
26970,4
26539,4
26587,4
26911,4
27287,4
26841,4
27119,4
9541,4
9538,4
26613,4
27129,2
27271,2
27268,2
10283,10
10209,8
10067,8
26634,8
26742,8
26753,8
26563,8
26574,8
26663,8
26523,8
26697,8
27013,8
26590,8
26625,8
26581,8
26781,8
26680,8
27363,8
26796,8
26776,8
26632,8
27043,8
26606,8
26666,8
10224,8
26805,4
9765,2
10120,2
27219,1
27216,1
26642,1
10292,10
26600,3
26692,3
26517,3
26842,3
26519,3
26469,3
26571,3
26749,3
26461,3
26487,3
26557,3
27198,3
26515,3
10251,3
9750,3
9801,3
9552,3
9555,3
9679,3
9640,3
9766,3
9558,3
9588,3
9542,3
10198,3
9661,3
10081,3
10124,3
9572,3
27030,10
9669,5
26910,1
27089,1
10073,5
10317,5
10189,5
10246,5
10223,5
10039,2
10247,2
9606,2
9966,2
9992,2
9749,2
10171,2
10159,2
9780,2
9827,2
9998,2
10021,2
10164,2
10058,2
10305,2
10286,10
10191,7
9926,7
10255,7
9666,7
10088,7
9704,7
9824,7
10091,7
10030,7
9687,7
9726,7
9643,7
9626,7
10128,7
10295,7
9529,7
9576,7
9724,7
9711,7
9904,7
10051,7
10079,7
9936,7
9918,7
10186,7
9520,7
10074,7
9561,7
9954,7
9979,7
10094,9
27291,1
27293,1
27313,2
9960,7
10241,5
9705,10
9717,5
9577,2
10279,10
9672,1
9594,1
9632,1
26496,1
10274,9
10233,9
26586,1
27361,8
27097,8
26894,8
9867,8
9820,6
9819,6
27138,1
27069,1
26927,1
27081,1
26578,6
9722,1
10240,3
9571,2
9528,2
27382,6
26922,2
27359,2
26783,2
26825,2
26818,3
26758,2
26951,3
27122,3
26822,10
10227,1
9527,1
10063,1
9575,1
9802,3
10115,9
26892,7
27196,7
27195,7
26675,7
27139,7
27180,7
27175,7
27323,7
26705,7
26799,7
27123,7
26811,7
27292,7
27134,7
26681,7
9745,6
9559,6
9697,6
10075,6
9599,6
9627,6
9720,6
9539,6
9583,6
9546,6
9657,6
9692,6
26713,6
26739,1
26512,1
26467,1
26464,1
26500,1
26460,1
9554,1
9513,1
9681,1
27174,4
27310,6
27103,2
26933,2
27015,2
27298,2
27309,2
26751,2
27176,2
27277,2
27355,2
26867,3
9515,1
27083,10
26647,10
26844,10
26744,10
26918,10
27070,10
26861,10
27385,10
27056,10
27336,10
27255,10
26816,10
9884,10
10214,3
9894,3
9790,3
9769,3
9796,3
9977,3
9566,3
26733,7
26531,7
27319,7
26560,7
26499,7
27181,7
26678,7
27057,7
26506,7
26643,7
26800,10
9725,9
9574,9
26848,5
26904,5
10119,2
9877,2
10269,2
9893,10
10320,10
9634,5
9686,5
9913,5
9601,5
10321,5
9792,5
9981,5
9747,5
10127,5
9537,5
9557,5
9855,5
9694,5
9615,5
10290,5
10131,5
10219,5
10322,5
9628,5
10077,5
9610,5
9831,5
9563,5
9723,5
9682,5
9762,5
9535,5
9655,5
9917,5
9727,5
27308,10
27059,2
27027,5
27016,5
26872,5
27165,5
26931,5
26778,5
26709,5
26817,5
26868,5
26906,5
27140,5
27251,5
26902,5
27018,5
27231,5
27159,5
27346,5
27090,5
27201,5
27078,5
26553,2
9683,3
9912,4
10034,4
10098,4
10141,4
9719,4
10307,4
10048,4
9909,4
10087,4
10057,4
9946,4
10025,1
26715,1
9772,10
27222,8
27326,1
27357,6
27347,6
26987,6
27182,2
27373,9
27020,1
26694,9
26688,8
27063,9
9701,1
9734,3
9964,10
26698,10
10012,8
9969,10
9933,10
10267,9
26863,6
10161,2
27150,6
27049,5
9937,2
9907,2
10182,2
10071,2
27300,6
26700,5
27065,5
9903,3
9806,3
10083,3
10196,3
10167,3
9986,3
10264,9
27187,6
27318,6
27338,6
26838,6
27191,6
27179,6
27241,6
27120,6
9702,1
26534,2
26864,2
27086,1
27257,7
26991,3
27011,6
27383,10
27302,1
27316,1
27084,1
26793,4
10108,10
27095,3
27178,3
27205,1
10037,3
9619,1
26481,3
9545,3
10181,2
10212,2
27281,2
27290,2
26908,2
27240,2
27009,2
26912,2
26930,2
26595,2
26762,2
26655,2
26695,2
27232,2
26672,2
26883,2
26754,2
26732,2
27007,2
26724,2
26832,2
26994,2
26960,2
26875,2
26791,2
27035,2
26954,2
26728,2
27153,2
27212,2
27263,2
27303,2
27197,2
26667,2
26610,2
26504,2
27017,2
26767,2
27286,2
26986,2
27036,2
26738,2
27169,2
27024,2
26997,2
26915,2
27032,2
27248,2
26766,2
26795,2
27266,2
27028,2
27170,2
26794,2
26859,2
26934,3
26720,3
26936,3
26885,3
26729,3
26446,3
26466,3
26474,3
26457,3
26520,3
26978,3
9547,3
9549,3
27283,6
26969,6
27388,6
27088,6
26893,6
26774,6
27148,6
27218,6
27012,6
27262,6
27099,6
27047,6
27077,6
27087,6
27126,6
27261,6
26964,6
26966,6
26876,6
26940,6
26788,6
27052,6
27299,6
10306,6
10177,6
10335,6
9814,6
9849,6
10333,6
10328,6
10093,6
27267,7
26897,7
27204,7
27154,7
26798,7
26853,7
26835,7
26689,7
27101,7
27376,7
26852,7
27375,7
26503,7
9607,7
10287,2
10297,2
9874,2
26947,2
26746,2
10250,8
9899,2
10142,2
10033,2
10192,2
10253,2
9990,2
10163,2
10111,2
9978,2
10288,2
9972,2
10165,2
10028,2
26843,6
10248,6
10020,6
9896,6
10055,6
9851,6
9784,6
9708,6
9568,6
9677,6
9591,6
10157,6
9968,6
9971,6
10323,6
9536,6
9958,6
9914,6
10043,6
9921,6
9514,6
9709,6
10260,6
27306,10
9660,6
9668,6
9950,6
9911,6
9928,6
9707,6
9732,6
26735,2
10032,1
9744,3
9756,3
10289,4
9761,6
9605,2
9970,2
9944,2
10056,2
10225,2
9716,2
9943,2
9578,2
10275,2
9600,2
10249,2
9690,2
10125,2
9639,2
9989,2
9652,2
10096,2
9517,2
9862,2
10121,2
10112,2
10049,2
10036,2
9752,2
9700,2
10228,2
9974,2
9898,2
9754,2
9956,2
27155,2
27370,2
27296,2
27214,1
26789,1
27158,10
10278,1
26972,1
9793,8
27142,7
26456,7
26536,7
26472,7
9618,9
10234,9
9715,7
9945,7
9878,7
9718,7
9842,10
10298,10
10029,10
26948,1
26569,8
26478,8
26511,8
27085,8
26495,8
26502,8
26522,8
26718,8
26607,8
27183,8
26803,8
27250,8
26645,8
26550,8
26548,8
26501,8
26737,8
26971,8
26974,8
26854,8
9553,8
9880,8
9518,8
9589,8
9887,8
9649,8
10097,8
10331,8
10174,8
10153,8
10231,8
9777,8
9602,8
27380,4
27246,4
27005,4
9785,4
9534,4
26750,7
10010,2
9916,2
10062,2
9728,10
9889,10
9932,10
10211,10
26615,10
26730,10
27079,10
26631,10
10210,10
10270,10
10304,10
9941,10
10090,10
26549,5
26518,5
27008,5
27264,5
26660,5
26662,5
27194,5
27105,5
9782,1
9876,1
10326,1
10222,1
9764,1
10070,1
10027,1
9991,1
10300,1
9915,6
10152,6
10151,6
9821,6
9879,6
10193,5
9988,1
27389,6
27295,6
27115,6
27146,6
27360,6
27352,6
27128,6
26874,6
26769,6
26955,6
27226,6
26869,6
27225,6
9825,7
9636,7
10166,7
10217,7
10102,7
10054,7
9982,7
9830,7
9865,7
9688,7
9783,7
9800,6
9746,4
10265,4
26635,6
10309,10
10303,10
10155,10
9906,2
10041,9
9612,9
26996,9
26801,9
26716,4
26900,7
27192,7
9843,2
10009,2
9522,3
9973,5
9674,1
9965,1
27366,4
27344,4
10185,10
9596,10
26492,10
27335,1
26808,1
27157,1
26979,1
9840,1
9564,2
9776,2
27253,6
27166,6
26810,9
9799,9
26782,9
26770,9
10243,9
27339,8
27317,8
27113,8
27121,8
27341,8
27234,8
27311,8
26999,8
27348,8
26812,2
26917,8
10268,8
26470,4
26723,6
26490,2
26993,2
26604,2
26480,2
26806,2
26620,2
27010,2
26759,2
27066,2
26873,2
26541,2
27060,2
27340,2
26562,2
26707,2
27061,2
26914,2
26509,2
27391,2
27014,2
27273,2
26726,2
26983,2
26719,2
26462,2
27072,2
27136,2
26846,2
26989,2
27327,2
27019,2
27334,2
27289,2
27160,2
26932,2
27109,2
26807,2
27254,2
26945,2
27200,2
27001,2
27062,2
27276,2
27265,2
27294,2
27130,2
26721,2
26564,2
26640,2
26815,2
27307,2
27118,2
26944,2
26507,2
26784,2
26722,2
27102,2
27144,2
10262,2
9882,2
10135,2
10130,2
9803,2
10334,2
26826,4
10183,10
9678,5
26648,1
26957,10
26976,10
27112,10
27333,4
26521,1
26473,1
26465,1
26516,1
26477,1
26475,1
26455,1
26471,1
26498,2
26488,1
26476,1
26532,3
26638,3
26760,3
26786,1
26463,1
26850,3
26889,3
26882,3
26963,3
27055,3
27239,3
27053,3
27076,6
27127,10
26459,1
26453,1
26485,1
27324,6
26585,1
26956,6
26526,1
27331,6
26646,6
27141,8
27304,6
27322,1
26614,6
27337,2
27342,2
27245,2
26946,2
9614,3
10113,3
9823,3
10280,2
10095,2
9730,2
9856,2
9837,2
10242,2
9929,2
10310,2
9713,2
9829,2
27369,10
10184,3
9645,3
9642,3
10158,3
9791,10
9680,10
9703,10
10016,6
10339,6
9890,6
10117,6
26486,2
10202,10
10291,3
10257,10
9994,9
9901,9
9832,9
9839,9
10026,9
9848,2
9850,2
9774,2
10133,2
9934,2
27054,1
27272,1
27256,1
27367,7
27051,7
26943,7
27315,7
26988,7
26824,7
27074,7
26961,7
10200,8
9656,1
10314,4
10109,4
9860,4
10259,4
9706,4
9834,4
9812,4
9927,2
10085,2
9617,2
9773,2
10312,2
9676,2
10285,2
9859,2
10220,2
10216,2
9854,2
9847,2
10105,2
9857,2
9742,2
9530,2
9931,2
9897,2
9902,2
9771,2
27215,1
27091,2
27133,2
26819,2
27162,2
27332,2
26941,2
27135,2
27249,2
26907,2
27038,2
27104,2
27137,8
26706,8
26717,8
26679,8
26546,8
26524,8
26554,8
26561,8
26484,8
26727,8
26711,8
26602,8
26593,8
26505,8
26879,8
26491,8
26862,8
27106,8
26493,8
26740,8
26619,8
26701,8
27156,8
26654,8
26780,8
26992,8
27067,8
26665,8
26995,8
26849,8
26664,8
26542,8
27243,8
27269,8
27229,8
27353,8
26582,8
26865,8
27034,8
27242,8
26621,8
26763,8
26836,8
26598,8
26483,8
27050,8
26608,8
26880,8
26765,8
26926,8
26830,8
26748,8
26779,8
26942,8
26566,8
26773,8
26651,8
26533,8
26712,8
26609,8
27151,8
26597,8
26544,8
26510,8
9797,8
9641,8
10118,8
10261,8
9544,8
10239,8
9592,8
9910,8
10059,8
10122,8
9951,8
9984,8
10311,8
9671,8
9789,8
9957,8
9735,8
9689,8
9864,8
9644,8
9861,8
9710,8
10060,8
10327,8
9733,8
10008,8
9949,8
10172,8
10078,1
27207,1
26990,1
26973,6
27003,1
27285,6
27202,8
27033,4
26928,6
9940,10
26785,3
10066,7
10271,4
10147,9
10284,7
26514,4
26452,4
9828,2
26710,4
26775,4
10145,2
10061,10
10080,10
10221,10
9885,10
9924,5
10089,5
9696,4
10168,4
9763,4
10100,4
9939,4
10229,4
9533,2
26965,3
26938,3
27233,3
27110,3
27161,3
9892,5
27328,5
9900,2
10205,2
10324,2
10187,2
9822,2
9804,2
9852,5
9993,5
10162,1
9868,1
27386,1
26924,6
26556,6
10266,1
10282,1
10173,1
10084,1
9866,1
10137,1
9593,1
10218,1
9523,1
9622,1
9826,1
9550,1
10052,1
10156,1
9629,1
9794,1
10116,1
26866,1
26828,9
26658,9
26584,9
26669,9
26508,9
26629,9
27124,9
10160,9
27270,10
26601,6
26761,6
27173,6
27274,6
26657,6
27224,6
26592,6
26898,6
27400,6
27145,6
27064,6
26962,2
27039,1
10104,1
10237,1
10296,10
27044,2
26583,10
26527,2
27258,6
26833,7
26644,7
26656,7
26834,7
26905,7
27025,7
26895,7
26630,7
26792,7
26686,7
27023,7
9976,7
27220,1
27048,6
26939,6
27349,6
26831,5
27093,5
26878,5
9888,5
9737,2
9770,2
27082,3
27379,3
27193,3
26617,3
27037,3
27211,3
27320,3
10129,5
26568,1
27356,3
27247,3
27125,3
26543,1
26823,1
9532,1
26958,1
27350,1
10318,10
9863,1
27006,1
9590,5
9663,5
26949,1
10143,7
26959,4
10072,5
26596,7
26901,7
26929,7
27021,7
26899,7
26845,7
27365,10
10103,3
10244,3
10022,7
10106,7
10180,7
9816,9
27004,1
27108,2
27312,2
26886,1
26890,1
9586,1
27042,1
27343,1
26884,1
9858,10
10215,10
9963,2
27163,2
27221,2
10138,8
9895,5
10254,5
9691,5
9810,5
9807,5
9699,5
9638,5
26953,6
26743,6
27280,6
27209,6
27131,6
26998,3
27325,5
10230,2
9759,4
10301,3
27237,4
26982,4
10175,5
9524,2
9569,2
9565,2
9942,2
9731,2
9525,2
9567,2
9581,2
9778,2
9609,2
9608,2
9543,2
27364,9
26968,9
9741,5
9947,4
10086,4
10132,4
9905,2
9779,2
9760,5
10226,2
9633,2
9959,2
27235,6
9886,8
10045,1
9646,5
9598,5
9753,10
10277,10
10076,5
9952,9
10005,4
10013,4
10139,5
9651,6
26653,6
9595,6
9808,7
10050,2
10136,2
10258,7
9953,7
9743,9
9650,9
9623,9
10336,9
9631,9
9811,1
27230,1
26570,1
9768,1
9818,1
26703,1
27114,5
27096,2
9985,2
10273,9
27040,3
27092,3
9845,1
26552,4
27321,4
27314,4
26840,4
26847,4
26641,4
26565,4
27132,4
26787,4
26952,1
27390,1
26575,1
26599,1
27260,1
27362,1
27117,1
26820,1
27031,1
26870,1
26857,1
26909,1
26671,1
26628,1
26858,1
26827,1
26984,6
27002,1
26559,1
26690,1
27026,1
26937,1
27168,1
26673,1
26661,6
26950,6
27372,6
26913,10
26804,10
9948,10
10170,10
26856,1
27100,1
27203,10
26684,6
27351,6
27238,6
10315,3
9922,2
9755,2
10150,2
9805,2
10154,2
9930,2
9786,2
9983,2
26572,10
27046,10
26747,8
9685,1
26980,6
9875,3
10024,3
10053,3
10099,3
10206,3
10107,3
10134,3
10114,3
9925,3
9817,3
9836,3
9938,3
10038,3
10197,3
10190,3
10110,7
10031,7
26588,5
10123,2
10007,10
10245,10
27107,2
10047,3
9997,3
26881,6
27111,4
27358,4
27190,4
26731,4
26916,4
26659,4
26652,4
26603,4
26623,4
26821,4
27329,4
27184,4
26752,4
26687,4
26683,4
26699,4
27227,4
26837,4
26935,4
26777,4
26612,4
26919,4
26605,4
26855,4
26525,4
26772,4
26814,4
26985,4
26594,4
26891,4
26725,4
26696,4
26540,1
26576,1
26479,1
26535,1
26497,1
27177,1
27368,1
9611,1
10176,1
9698,1
10252,1
9996,1
9788,1
9961,1
10006,1
9712,1
10316,1
9582,1
9919,1
9987,1
10001,1
9835,1
9758,1
9872,1
9665,1
10276,4
10017,7
10065,7
10272,7
26860,3
10199,2
9584,6
26567,6
9511,6
26577,6
9838,7
26757,7
26494,9
10329,5
9670,5
10035,5
10313,5
10040,5
9908,5
10263,5
9870,5
9846,5
10044,5
10046,10
9570,2
9510,2
9512,2
26809,3
26903,2
10337,2
26616,1
9809,1
10194,2
10000,2
10213,8
10149,2
9798,2
9923,2
10325,2
9967,2
10256,6
27259,1
9980,1
10236,5
9654,7
9637,7
9714,7
9648,7
9833,7
9684,7
9562,7
9580,7
9891,7
9767,5
9757,1
26871,1
27288,3
10018,4
9881,5
10330,2
10082,1
9962,1
10148,3
9620,1
9516,1
9659,1
10069,1
9736,1
9873,1
10140,1
9624,1
9740,1
9739,1
9548,1
9935,3
9521,3
9519,3
9625,3
9604,3
10178,1
9579,1
10294,5
9556,1
10003,5
10002,5
10126,5
9587,1
9675,1
10179,1
9729,1
9883,2
9667,1
9551,1
9585,1
9630,1
9616,1
9664,9
10207,1
9597,1
9526,5
9999,3
10235,9
27279,3
26975,10
26921,1
27186,1
9647,2
26977,2
9841,2
9721,2
9695,7
10011,7
10204,7
25174,3
24911,3
24914,1
24654,5
24835,8
24818,10
25034,9
24804,9
25173,9
24644,1
24731,1
24674,1
25089,1
25223,3
25071,6
24532,3
25364,3
24732,3
25306,4
24782,8
25141,2
25302,4
24997,4
25127,8
25029,9
24916,9
24994,9
25245,8
25295,8
24790,8
24939,8
24820,8
25208,3
24930,3
25083,3
25106,8
24935,2
24955,4
25273,4
25265,6
25339,3
24530,9
24581,9
24598,9
24866,9
24754,9
24623,8
25247,7
24741,9
24817,9
25146,9
24925,9
25147,9
25025,7
24941,1
24865,1
24861,1
25133,1
24947,1
25228,1
25084,9
25199,4
25077,4
25195,4
25285,4
25091,4
25024,4
24922,4
24708,2
24591,4
24653,6
25363,3
25129,3
24974,3
24868,3
25035,3
24780,3
24616,3
24784,3
24605,3
24920,3
25013,3
24810,3
24811,3
24923,3
25282,3
24909,3
24714,3
24927,3
24970,3
25310,8
24722,3
24697,3
25134,3
24618,3
25152,3
24498,3
24478,3
24924,3
24667,3
25301,3
24991,3
24570,3
24617,3
24548,3
25011,3
24543,3
24600,3
24625,2
25213,2
24529,2
24826,2
25184,2
24564,2
24649,2
24675,2
25005,3
24621,3
24928,3
24678,3
25000,4
25036,3
24962,3
25040,4
25241,4
25277,4
25090,3
25294,3
24938,4
25345,8
25359,8
25216,8
25233,8
25019,8
24527,8
25028,8
25002,8
24568,8
24536,8
24763,8
24648,8
25101,2
24758,1
25119,2
25332,2
25250,2
24747,10
25156,10
24540,1
25281,1
24844,1
24753,1
24995,1
24807,1
25062,1
25037,1
24877,1
25217,10
25052,10
24981,10
24657,7
24576,7
24632,7
24520,7
24534,7
25057,7
24595,7
24552,7
24655,7
24774,7
24745,7
24798,7
24892,7
24834,7
24574,7
24650,7
25201,8
24690,4
24847,3
24668,3
24645,4
24687,3
25272,8
25073,3
24728,2
24663,3
24795,3
25143,3
24549,3
24825,3
25194,3
24775,3
24735,8
24743,7
25190,7
24867,7
25107,7
25258,7
24933,7
25219,5
25257,7
24725,7
24670,7
25335,1
24771,1
24721,1
25341,1
24777,2
24607,2
24770,2
24698,2
25288,2
25205,2
24833,2
24832,2
24972,7
25023,7
24875,7
24636,3
25021,1
24578,3
24659,3
25059,3
25350,6
25117,3
25300,2
24757,5
24692,5
24876,5
25140,5
25012,5
25354,5
24891,5
25197,6
25189,1
24812,1
25105,1
24950,1
25018,1
25231,1
24982,7
24550,4
24893,4
25087,4
25001,6
24858,4
24839,4
25271,10
24873,10
24849,10
24557,10
24662,10
24559,10
24611,10
24612,10
24765,10
24932,10
24539,10
24990,10
25236,10
25221,7
24943,7
25246,7
24700,7
24878,7
24748,7
24783,7
24919,7
24500,7
24519,7
24528,7
24973,7
24628,7
24521,7
24516,7
24491,7
24904,7
24531,7
24945,7
24580,7
24967,7
24859,7
24840,7
24602,7
25082,7
24809,7
24597,7
24983,7
24586,7
25104,7
24917,7
24633,7
25008,7
24593,7
24829,7
24542,7
24596,7
24488,7
25321,7
25064,6
24799,6
25296,6
24979,4
24464,2
25102,3
25255,3
25334,3
24584,3
24629,3
24684,5
24828,5
24942,5
24558,5
24978,5
24842,5
24727,5
25050,5
25074,2
25222,2
24472,2
24959,2
25333,2
24712,2
25291,2
25043,2
25224,2
24903,2
25130,2
25312,2
24683,2
24460,2
25182,2
24458,2
24848,2
24729,2
24522,2
25280,2
24816,2
24499,2
24814,2
24469,2
24934,2
24459,2
24475,2
25311,2
24953,2
24946,2
24888,2
24588,3
24730,3
25342,3
24493,3
24565,3
24609,3
24661,3
24553,3
24638,3
24561,3
24481,3
24517,3
24511,3
24512,3
24669,3
24686,3
24501,3
24535,3
24551,3
24791,3
24487,3
24510,3
24504,3
24533,3
25214,3
25080,2
25274,2
24910,2
24929,2
25155,2
25260,7
24660,6
25031,2
25047,2
24577,3
24760,3
24734,3
25038,1
24787,4
25058,4
25229,4
25166,4
25298,4
25144,4
25054,4
25113,1
25114,1
24915,1
25254,1
24742,1
24691,1
25115,1
24737,1
25299,1
25317,1
25163,1
25320,1
24837,1
25344,1
24841,1
24931,5
24989,1
25015,7
25061,7
25270,7
25118,7
25234,3
24482,1
24710,1
24480,1
25092,8
25290,4
25256,4
25348,7
25116,6
25227,6
25185,5
25263,5
24699,5
24902,5
25198,5
25070,5
25180,5
24739,5
24665,5
24610,5
24792,5
24707,5
25349,5
24575,5
24720,5
25086,5
25093,5
24709,5
24961,5
24631,5
25094,5
24769,5
24906,6
24746,6
25188,6
25088,6
25183,6
25022,6
24635,6
24525,6
25309,6
25048,6
25098,5
24846,5
25030,5
24850,1
24755,1
24836,2
24856,2
24793,2
25046,2
25103,1
25259,9
25253,9
25192,9
24864,3
24824,2
24715,6
24592,2
25171,2
25303,1
25218,1
24689,2
25123,1
24830,8
25267,8
25315,6
25323,4
25355,1
25242,7
24789,1
24766,7
25177,8
24486,10
25232,7
24960,2
25287,8
25085,8
25065,8
24492,10
24751,3
24562,1
24752,3
25225,5
24738,5
24806,5
24885,5
24880,8
24882,8
24894,8
25026,8
25111,8
24772,8
25095,8
24883,8
25318,8
24872,8
25162,8
25069,8
24986,8
25352,8
24908,3
25072,3
25211,3
25010,6
25196,6
25014,6
24905,6
24474,7
24604,7
24899,10
24483,7
24643,7
24506,7
24913,7
24582,7
24823,7
24797,7
25215,7
25286,7
24733,4
25230,2
25042,2
25149,1
25126,1
25007,1
24948,1
25193,1
24956,1
25268,1
24779,1
25210,1
24845,1
24624,1
25251,1
25167,1
25124,1
25004,2
24479,2
24463,2
24477,2
24471,2
24473,2
24951,4
25325,4
25137,5
25360,5
24615,5
25154,5
25145,5
25191,2
24897,2
24547,2
24815,2
25249,2
24750,2
24713,8
25132,6
25330,6
25051,6
24965,6
24622,6
24544,6
25136,2
25252,3
24952,3
25328,3
25206,3
25203,3
24767,3
24870,3
25269,3
25160,3
25150,1
25240,1
25283,2
24912,2
25243,10
25096,10
25207,2
25017,2
25357,2
24852,2
24723,2
24988,2
25316,10
25235,10
24879,2
25284,2
24884,2
25056,2
24887,2
25009,2
24554,1
25329,7
25305,7
25261,7
25170,6
24881,6
25356,6
25109,6
24831,6
24971,6
24862,6
24514,6
25053,6
24963,1
25322,1
25151,1
25248,7
24736,7
24851,7
25153,7
25169,7
25307,7
25020,7
25244,7
25279,7
24969,7
25319,7
24470,3
24465,3
24466,3
24476,3
25327,3
24485,3
24467,3
25158,7
25041,7
24505,1
24587,1
24821,1
25297,9
24489,8
25108,8
24705,3
24800,3
25331,5
25138,5
24701,2
24679,2
24589,2
24756,2
25139,2
24695,2
24484,2
24490,2
24494,2
24508,2
24980,2
24566,2
24640,2
24496,2
24556,2
24801,2
24613,2
24541,2
24639,2
24571,2
24773,2
24901,2
24853,2
24641,2
24785,2
24776,2
24871,2
24869,2
25128,2
25033,2
24761,2
24724,2
24637,7
24627,7
24843,7
25159,4
24585,4
24954,4
24671,4
24567,4
25006,4
24854,4
25202,4
24998,4
24694,4
24614,4
24594,4
24711,4
25326,4
24808,4
25068,2
24907,2
24786,2
24898,2
24819,2
25110,2
25187,3
24693,2
25039,2
25044,2
24781,2
24759,2
24975,2
25120,2
24863,2
25353,2
25278,5
24890,5
25176,3
25365,8
24827,8
25338,8
24685,8
25336,8
25238,8
25220,8
25032,8
24968,8
24987,8
24603,8
25081,8
25314,8
25172,8
24676,10
25060,2
24794,2
25131,1
25078,10
25181,10
25179,1
25063,6
24688,6
25112,6
25049,6
25161,6
24749,6
24778,6
24762,6
24958,6
25209,6
24992,6
24704,6
25164,6
25212,6
25157,6
25016,6
24677,6
24606,6
24599,6
24569,6
24555,6
24503,6
25346,6
25178,6
24524,6
24855,6
24513,6
24545,6
24515,6
24681,6
24718,6
24652,6
24764,1
25142,1
24601,7
24918,7
25148,7
24886,7
24937,7
25204,7
24984,7
25347,7
24744,7
24647,7
24896,6
25175,4
24788,4
25337,4
25186,1
24726,1
25066,1
25292,1
25266,1
25075,2
24538,4
24813,3
24926,7
25055,3
24703,10
24993,10
24936,10
24626,10
24682,7
24805,6
24838,6
25067,6
25076,6
25340,6
25099,1
25351,1
25226,1
24857,1
25343,1
25239,3
25122,3
24579,2
24507,2
25135,3
24630,6
24696,6
25324,6
24608,6
24502,6
24497,6
24646,6
25168,6
24526,6
24563,6
24620,6
24802,6
24672,6
24495,6
24573,6
24518,6
24619,6
24523,6
24651,6
24560,6
25361,6
24900,6
25121,6
24642,6
24717,6
24583,6
24706,6
24976,6
25027,6
24509,6
24666,6
25313,6
24673,1
24537,1
24664,1
25289,1
25276,6
25308,9
25165,9
24716,9
25100,1
24796,1
24940,1
24874,1
24719,1
24822,1
25003,1
24740,1
24702,1
25293,1
25262,1
25045,1
25264,1
24999,1
24957,1
24949,1
24977,1
24921,1
25237,8
25079,8
24572,2
24966,5
24634,4
24656,4
24895,4
24985,4
25097,4
24680,4
24768,4
24658,4
24590,4
25304,5
24964,5
24996,5
24860,5
25358,5
25275,3
25362,3
24889,3
25125,3
24803,3
24944,3
25200,3
9390,2
9493,2
8918,3
9041,1
9162,6
9127,3
9362,3
9418,3
8996,4
9503,2
9139,2
9501,6
9307,2
9239,2
9087,2
9326,1
9431,1
9377,1
9434,4
9077,7
9218,1
8859,8
9211,8
9424,8
9009,8
9468,8
9365,3
9104,3
9403,3
9416,3
9133,3
8990,3
9400,8
9036,8
9426,8
8932,8
9281,8
8944,8
9101,8
9353,8
9257,8
8991,8
9301,8
9065,2
9013,3
9181,2
9170,2
8966,2
9053,2
9125,2
8976,2
9037,2
8901,2
9368,2
8844,2
8977,2
9140,2
9463,2
9187,2
9064,8
9107,1
9474,4
9040,4
9052,4
9261,4
8989,4
9251,10
9243,3
9485,9
8960,2
9394,2
9136,2
9370,2
9185,2
9146,2
9163,2
9192,2
9252,2
9059,2
8979,2
9044,2
9504,2
8848,4
8998,4
9091,4
9337,4
9224,4
8858,4
9102,4
9143,4
9267,4
9480,4
9311,4
9421,4
9433,4
8842,4
9325,4
9089,4
9361,4
9128,2
9205,1
9338,6
9026,10
9126,9
9282,3
9287,1
9176,6
9098,1
9081,1
9495,1
9438,4
9260,7
9189,1
9132,6
9246,2
9018,3
8964,3
8997,3
9157,3
9238,7
9124,5
9048,5
9409,5
8958,5
9340,5
8946,5
8973,1
9322,1
9095,1
9208,1
8883,1
8881,1
8874,3
9071,3
9112,3
9209,3
9423,3
9331,3
9109,3
8928,2
9033,2
9082,2
8978,5
9175,5
9441,7
9508,1
9188,8
9354,2
9005,1
9435,1
9015,1
9221,1
9502,2
9235,2
9316,8
9472,8
9153,8
9422,3
9272,6
9457,6
9025,6
9116,2
9099,2
8974,9
9385,8
9131,4
9084,2
8969,2
8939,2
9448,8
9134,8
9284,8
9465,2
9417,9
9068,9
9006,9
9449,8
9247,5
9265,5
9027,5
9206,7
9047,5
9168,5
9256,2
9462,8
8986,8
9317,8
9248,8
8968,8
9313,8
9258,2
8962,6
9151,7
9388,1
9166,6
9478,1
9063,2
9349,9
9214,6
9074,6
9060,6
8885,6
8904,4
8959,6
9296,4
9484,4
9393,4
9108,4
9253,4
9203,3
8880,10
8921,10
8872,10
8903,10
9169,1
9401,2
8894,10
8902,2
9055,3
9158,1
9023,1
9066,1
9051,8
8956,7
9049,7
8866,7
9165,7
8961,7
9233,7
9138,7
8954,7
8860,7
9414,7
8912,7
8898,7
8873,7
8934,7
8950,7
8897,7
8899,7
9332,7
9328,5
9057,3
8943,3
9035,1
9242,2
9294,2
9299,2
8884,2
9500,2
9045,2
8870,2
8936,2
9160,2
8892,2
9031,2
9219,2
9076,2
9413,2
8900,2
9461,2
9473,2
8935,2
9464,2
9113,2
9191,2
9115,2
9407,2
9279,2
8917,2
8856,2
9161,2
9234,2
9167,2
9201,2
9240,2
9075,2
9402,2
9046,2
9010,2
8864,2
9347,2
9505,3
8949,3
9376,3
9372,3
9280,3
9058,3
9070,3
8933,3
9450,3
9072,3
9021,3
9114,3
9381,3
9425,3
9147,3
9103,3
9455,3
9085,3
9405,3
9270,3
9411,3
8992,3
9358,3
9380,3
8887,3
8867,3
8927,3
8890,3
9452,1
9154,6
9007,6
9038,6
9016,6
8909,6
9196,6
8865,6
9097,3
9050,3
9443,3
8987,10
9198,2
9183,2
9254,2
9383,2
9430,2
9373,2
8940,2
8947,2
9446,2
9090,2
8915,2
8941,2
9148,4
9014,4
9250,1
9491,10
9345,10
9444,4
9334,4
9344,5
9182,3
9339,4
9375,2
9004,2
9489,2
9286,2
9329,2
9343,4
9308,4
9395,4
9022,4
9292,3
9496,3
9268,3
9437,6
9105,5
9186,5
9427,5
9020,5
9481,5
9399,5
9297,5
9315,5
9003,5
9291,5
9067,5
9445,5
9314,5
9225,5
9389,5
8919,5
9129,6
9482,3
9497,6
9499,6
8948,2
8929,7
8910,7
9506,7
8952,7
9236,7
9269,7
9200,1
9486,1
8878,1
9278,1
8857,1
9002,2
8905,4
9216,4
9364,4
9061,2
9172,2
9093,2
9110,2
8938,2
9012,2
9285,2
9069,2
9366,4
9210,2
9367,2
9439,2
9073,2
9173,2
9123,10
9398,2
9019,8
9467,2
9391,9
9436,9
9255,9
9207,9
9222,4
9184,3
9490,8
9152,3
9034,1
9476,4
8999,10
9032,10
8942,10
8945,10
9492,10
9062,10
8971,10
8963,10
8951,10
9310,10
9419,2
9357,8
9289,1
9259,1
8985,1
9309,1
9320,3
9017,8
9304,6
9324,1
9384,5
9351,5
9456,5
8931,5
9483,5
9262,5
8924,5
8923,5
9453,2
8993,2
9312,2
8888,6
9303,7
9204,7
9043,7
9220,7
9106,7
9194,2
9229,2
9276,1
9404,1
8970,6
8841,4
9477,9
9080,1
9300,2
9321,4
9479,1
9471,9
9397,5
9378,2
9174,10
9180,8
8855,3
9408,1
9118,1
9302,1
9306,1
9356,6
9030,6
9171,2
9440,2
9121,2
8920,2
8886,2
9078,2
8862,2
9348,2
9374,2
8911,2
8861,2
9094,2
9178,2
8871,2
8908,2
8893,2
8868,2
8984,2
8891,2
8853,2
9342,7
8907,7
8895,7
9231,7
9341,7
9283,7
9150,7
9179,7
9096,7
8879,7
9273,3
9275,4
9475,4
9212,4
8995,4
8889,4
9079,4
8926,4
9350,4
9458,4
8975,4
9460,4
8877,4
8914,4
8906,4
8851,4
9226,4
8913,4
9319,4
9092,4
9249,4
9029,4
9193,4
9135,4
8850,4
8896,4
9346,4
9130,4
9335,4
9086,5
9083,5
9190,5
9120,5
9228,5
9100,5
8876,5
9155,2
9244,6
8937,6
8953,6
8854,6
8869,6
9412,1
9379,1
9451,1
9363,1
8852,3
8847,10
9001,5
9264,5
9024,5
9008,5
9498,5
9305,5
9429,1
9144,1
8882,8
9137,8
9056,8
9199,8
9237,8
9447,8
8972,8
9355,8
9217,2
8955,2
9428,2
8994,7
9327,3
8925,6
9039,2
9241,7
9141,8
9382,6
8849,6
8982,6
8930,6
8922,6
8875,6
9000,6
9088,6
9466,7
9245,7
8863,9
9122,1
9469,4
9277,4
9119,4
9042,4
9295,2
9223,5
8981,5
9274,2
9263,6
8983,2
9215,8
9117,1
9432,1
9396,1
9298,8
8957,6
9494,6
9454,6
9011,6
9415,6
8967,2
9159,5
9293,2
9470,6
9202,2
8916,6
9054,6
9410,8
9420,4
9156,6
9164,8
9323,3
9028,1
9369,3
9333,1
8980,1
9352,8
9459,6
8965,2
9442,1
9318,1
8988,2
9111,8
9288,8
9406,8
9488,8
9142,9
9197,8
9149,9
9290,9
9266,1
9195,1
9230,1
9336,1
9360,1
9507,2
9387,2
9227,3
9371,1
9509,5
9330,7
9487,7
9392,6
9177,3
9145,3
9271,3
9359,9
8188,1
8109,1
8139,1
8089,1
8145,1
8107,1
8080,1
8235,2
8161,2
8164,9
8254,2
8091,2
8234,2
8090,2
8073,9
8116,9
8078,9
8141,9
8237,3
8238,3
8117,3
8173,3
8165,3
8097,3
8242,3
8170,3
8179,3
8130,3
8174,3
8192,3
8144,3
8119,3
8249,3
8241,3
8196,3
8212,3
8154,3
8205,3
8124,3
8176,3
8214,3
8181,3
8084,3
8065,3
8083,3
8169,3
8232,3
8187,3
8077,3
8106,3
8098,3
8101,1
8093,1
8194,1
8160,1
8197,1
8208,1
8158,1
8185,1
8110,1
8209,1
8189,1
8199,1
8191,1
8148,1
8195,1
8155,1
8103,1
8162,1
8064,3
8076,2
8184,3
8210,3
8178,9
8230,9
8220,9
8222,9
8231,9
8224,9
8223,9
8229,9
8121,9
8226,9
8218,9
8082,9
8227,9
8175,9
8163,9
8092,9
8088,9
8225,9
8138,9
8219,9
8228,9
8217,9
8203,9
8104,9
8074,9
8071,9
8140,9
8123,9
8201,9
8221,9
8236,7
8100,7
8167,7
8094,7
8105,7
8248,7
8149,7
8240,7
8147,7
8246,7
8072,7
8171,7
8215,7
8133,7
8136,7
8193,7
8247,7
8128,7
8202,7
8143,7
8131,7
8134,7
8081,7
8087,7
8112,7
8137,2
8168,2
8102,2
8216,2
8075,2
8115,6
8243,10
8233,10
8239,10
8204,10
8132,10
8126,10
8079,10
8085,10
8118,10
8122,10
8086,10
8151,10
8172,6
8096,7
8070,7
8108,7
8211,4
8150,4
8153,4
8142,4
8146,4
8095,4
8127,4
8152,4
8186,4
8213,4
8157,4
8067,3
8166,1
8113,1
8245,1
8066,1
8099,1
8114,1
8250,1
8198,1
8111,1
8120,1
8159,1
8183,1
8129,1
8069,1
8207,1
8200,1
8182,1
8135,1
8206,1
8177,1
8125,1
8180,1
8190,1
8244,1
8068,4
8156,4
20155,3
20130,10
20168,10
20286,10
20258,10
20450,8
20072,8
19919,5
20163,2
19945,2
20064,2
20035,2
20425,10
20285,10
20146,10
20392,1
20532,9
19983,9
19985,9
20520,9
20511,9
20510,9
20082,9
20512,9
20509,9
19938,9
20242,9
20000,9
20154,9
20348,9
20156,9
20530,9
20522,9
20271,9
20525,9
20533,9
20354,9
20243,9
20256,9
20314,9
20519,9
20513,9
20089,9
20443,9
19855,9
20529,9
20518,9
20280,9
20211,9
19887,9
20431,9
20531,9
20457,9
20516,9
19925,9
20527,9
19884,9
19975,9
20451,9
19926,9
19918,9
20309,9
19921,9
19915,9
19987,1
20470,2
20362,1
20166,3
19838,8
20077,8
20282,10
19930,10
20147,10
20447,10
20346,10
19904,10
20523,10
20353,10
20096,10
19899,10
19992,10
20058,10
20182,10
20336,6
20236,8
20093,4
19929,6
20045,6
20160,4
20131,4
19834,4
19878,4
19818,4
20013,4
19988,6
20335,2
20334,2
20254,9
20059,4
20019,4
19903,1
20103,6
19892,6
20307,4
20486,4
20291,4
20203,4
20424,4
20415,4
20421,4
20409,4
20504,2
20502,2
20349,2
20172,2
20476,2
20477,2
20472,1
20478,2
20099,2
20479,2
20183,8
20178,4
20310,4
20232,3
19815,8
19939,3
20008,3
19889,3
19934,3
20117,3
20025,3
20041,3
20287,3
20029,3
20234,3
20275,3
20235,3
20078,3
20333,3
20075,3
19943,3
19831,3
20217,3
20355,3
20264,3
20469,3
20090,3
20249,3
19806,3
19812,3
20005,1
19881,8
20311,8
20135,8
20033,8
19936,8
20491,8
19937,8
20084,8
20222,8
20343,8
20339,8
20241,8
20488,8
20020,8
20503,8
20505,10
20109,8
19896,8
20128,8
20127,8
20061,8
20384,8
20245,8
20387,8
20098,8
20344,8
20493,8
19910,8
20501,8
20459,8
19851,8
19999,8
20432,8
20324,4
19968,8
19862,9
19882,4
19885,4
20269,4
20257,4
19990,4
20159,4
19891,4
20129,4
20044,4
20080,4
20263,4
19995,4
19941,4
19948,4
20219,4
20302,6
19902,1
19868,1
19971,1
20124,10
19898,10
20368,10
20473,10
20490,10
20517,10
19829,7
19816,7
20014,7
19800,7
19840,7
20148,4
19861,2
19822,7
19860,2
20097,2
20402,8
20381,8
19841,8
20385,8
20396,8
20066,8
19871,8
20188,5
20214,5
20034,5
20205,5
20121,6
20060,8
19817,4
20360,3
20228,5
20031,7
19969,7
20231,7
20046,7
20347,6
19946,6
20454,8
20351,5
19973,5
20414,5
20132,3
20213,3
20199,3
20426,3
20237,10
20266,10
20112,10
20281,9
20270,9
20273,9
20253,9
20262,9
19935,7
20453,7
20515,7
19854,7
19807,7
19843,7
19900,7
20464,5
19994,6
20083,6
20073,1
20095,3
19808,6
19821,6
19819,6
20261,6
20507,6
20165,6
19875,6
19974,6
19894,6
20508,6
19893,6
19924,6
19846,6
20193,6
20018,6
19867,6
19832,6
19914,6
19942,6
19963,6
19811,6
20364,6
20088,6
19979,6
20037,6
20032,6
20484,6
19966,6
20417,6
19825,6
19956,10
19888,6
20293,6
20021,7
20268,1
20265,1
20495,1
20120,1
20267,9
20499,9
20138,8
20367,4
20052,1
20411,1
20514,1
20325,1
20534,1
20317,1
20151,7
20494,3
19922,3
19853,3
19883,3
19927,3
20474,3
20342,3
20437,3
19797,5
19796,5
20150,5
20441,5
20227,5
20115,5
19799,5
20456,5
19810,5
20435,5
20221,5
20224,5
20438,5
20524,5
20526,5
20022,5
19916,5
19911,5
20439,5
19870,5
19864,5
19830,5
19813,5
19866,5
20390,5
19981,5
20233,5
20220,5
19874,5
20011,5
20043,6
20062,6
19863,6
20024,6
20190,6
20026,6
19850,6
20423,6
19908,1
20215,1
20288,1
20465,6
20449,1
19802,1
19823,1
19897,1
19964,1
20297,4
20294,4
20471,3
20386,2
20142,2
20428,2
20308,1
20413,8
20274,2
19872,5
20466,5
20225,9
20246,2
20238,2
20040,2
20164,1
19852,1
19826,1
19804,1
19982,1
20296,1
20143,1
20244,1
19953,1
20173,2
20001,2
19848,2
19933,2
19993,2
19962,2
20085,8
20195,8
20422,8
20079,7
20341,7
20247,7
20481,7
20180,7
19858,8
20482,7
20462,7
20485,7
19923,10
20122,7
20487,7
20139,7
20202,2
19952,8
20375,1
20391,4
20197,2
20086,2
20418,8
20056,5
20003,5
20279,2
19954,8
20272,8
20407,4
20092,8
20184,4
20105,8
20406,4
20207,8
20408,4
20393,4
20330,4
20328,1
20370,4
20331,4
19907,4
20023,8
19986,8
19931,8
19996,8
20210,8
20433,8
19977,8
20194,7
20107,7
20161,1
19859,8
20394,7
20371,4
20054,7
20372,2
20248,7
19847,7
20365,4
20076,7
20374,4
20259,7
19905,7
19901,4
20152,10
20012,2
20305,8
20313,1
20315,1
20223,1
20091,8
20200,8
20363,1
20376,1
20382,1
20196,8
20359,1
20483,7
20460,7
20440,7
20255,1
20063,4
20192,4
20106,4
20055,4
20010,4
20100,4
20181,4
20475,4
20276,1
20065,10
20498,2
20290,2
20298,2
20260,2
20216,2
20303,2
20295,2
19940,2
20299,2
20028,2
20383,2
19972,2
20030,2
20111,7
20157,7
19842,7
20434,1
20212,3
19949,8
20240,8
19869,8
20446,5
19880,8
20284,8
20176,8
20378,3
20102,3
20389,8
20201,2
20057,2
20489,2
20399,2
19955,10
20191,5
20436,5
20419,5
19909,5
19920,5
20458,5
20420,5
20071,5
20568,5
20206,5
20144,5
20337,5
20373,5
20320,5
20074,5
20068,5
20252,5
20467,5
20141,5
19877,5
20251,5
20230,5
20444,4
20448,4
20126,4
20345,4
20445,4
20113,4
20104,4
20463,4
20108,4
20412,6
20042,6
20049,4
20125,4
20140,4
20009,4
20468,4
20186,9
20506,5
19932,6
20427,6
20301,2
19879,10
20377,6
20410,6
20145,6
19917,6
20198,6
19976,6
20358,6
19980,6
20388,6
19856,6
20039,6
19835,6
20067,6
19998,6
20133,6
20189,4
19814,9
20038,10
20405,10
20327,10
20016,10
20119,10
20027,10
20149,10
20400,10
19997,10
19991,10
19913,10
20352,10
20094,10
19989,10
19967,10
19928,10
19873,10
19961,10
20204,10
20137,10
19820,10
20134,10
20179,10
20087,5
20323,8
20321,7
20167,4
20081,8
20366,3
20171,3
20452,10
20312,8
20110,7
20174,6
20017,6
20283,6
19849,6
19824,6
20496,6
20185,6
20316,2
19857,1
20292,1
20123,1
20250,1
20226,8
20047,8
20278,3
20300,3
20277,5
20101,8
20158,8
19906,8
20177,8
20379,3
20304,3
20319,3
20239,3
20416,3
20118,3
19895,3
19912,3
20306,3
19944,3
19876,3
19970,3
20153,3
19957,3
20006,3
20380,3
20326,3
20318,3
20322,3
20218,3
19960,3
20329,3
19890,3
20332,3
20455,3
20430,3
20289,8
20208,9
20007,1
20340,1
20209,1
20500,1
19828,1
20229,1
19827,1
20053,1
19833,1
19839,1
20050,1
19978,1
19886,1
20480,1
19844,1
20051,1
20170,1
19865,1
19959,1
20361,1
20004,1
20162,1
19803,1
19837,1
19801,1
19836,1
19809,1
20350,1
19845,1
19805,1
20036,1
19951,1
20002,1
20048,1
20015,1
20114,1
19950,1
19958,1
20369,6
20069,6
20404,6
20136,6
20401,6
20397,6
20398,6
20175,1
20357,6
20395,6
20461,6
20403,6
20429,6
20356,6
19965,9
20442,9
20187,7
20521,9
20070,3
20497,7
20338,6
20169,5
19984,8
19947,6
20492,4
20528,1
1308,5
1051,5
1387,5
19284,6
19061,6
928,3
19110,6
19721,6
1512,4
18798,10
18816,10
19494,10
19720,10
19136,1
1522,4
1452,2
1325,4
1462,4
1382,4
19602,5
19480,5
1107,5
1294,5
19127,2
19760,2
19203,9
19629,9
19432,2
19082,2
19343,2
19297,2
18914,2
19125,2
19033,1
19100,1
18908,1
18856,1
18896,1
18984,1
19064,1
19117,1
18877,1
18867,1
18826,1
18997,1
19431,1
19083,1
19416,10
1408,10
979,2
1400,2
1394,2
1012,2
1444,2
1248,2
921,1
965,1
988,1
947,9
1514,9
1391,9
992,9
1435,9
1463,9
1204,9
1153,9
837,9
1265,9
19148,9
19407,9
19689,9
19401,9
19608,9
18964,9
19433,9
19143,9
19393,9
19251,9
19746,9
19595,9
19520,9
19288,9
19010,9
19244,9
19743,9
19172,9
19243,9
19758,9
19329,9
19211,9
19376,9
19218,9
19368,9
19738,9
19257,9
19622,9
19544,9
19478,9
19381,9
19296,9
19215,9
1207,9
975,9
1412,9
1458,9
893,9
1292,9
1209,9
1103,9
19362,1
1256,2
18989,2
1338,2
810,2
1069,8
19574,8
19222,8
1174,8
1134,8
1059,8
1233,8
1328,8
19118,6
19320,6
19184,6
19206,6
19768,6
19044,6
19023,6
1367,7
1410,7
1460,7
1520,9
1228,9
905,2
802,2
19217,2
1090,7
1471,7
1045,6
1422,1
19349,1
1272,1
19345,3
19096,8
19253,8
19175,8
19265,8
19578,8
1044,8
19176,2
19013,2
19166,2
18961,2
1150,7
1350,7
1490,1
1425,1
1072,1
1307,6
920,7
1505,8
1508,8
1196,8
1101,8
1497,8
1244,8
1269,8
1001,8
1085,3
1340,3
1218,8
19676,8
19747,3
19335,3
19282,3
18825,3
19603,3
19402,3
19593,3
19444,3
19261,3
19732,3
19549,3
19325,3
19673,5
19330,5
19660,8
1188,7
1000,8
1266,8
918,5
19707,4
19371,4
19233,4
19280,4
19772,4
19285,4
19646,4
18982,4
19765,4
19498,4
19485,4
981,7
1061,7
19547,1
19310,9
1411,9
1175,3
812,5
1281,3
1283,7
1046,7
19068,8
1431,3
999,5
19474,2
19594,2
19472,2
19598,2
19532,2
913,3
1343,3
1178,7
1446,3
19628,2
19552,8
1423,3
19294,3
19636,1
1416,7
1219,7
19749,2
19529,3
19228,3
19703,3
19753,3
19311,6
1364,6
19626,3
19229,8
18956,8
19131,8
18868,8
18909,8
18974,8
18846,8
18861,8
19002,8
18918,8
19056,8
18871,8
18839,8
1094,8
1286,8
1243,8
1096,8
1087,8
1019,8
1133,8
1216,8
1147,8
916,8
1375,8
1144,8
1104,8
1217,8
1363,8
1016,8
1021,8
19719,3
18893,3
18841,3
19725,3
19146,3
19119,3
19563,3
19212,3
19488,3
19152,3
19113,3
19792,3
19277,3
19597,3
19396,3
19051,3
19048,3
18803,3
19321,3
18928,3
19424,3
19080,3
19221,3
19011,3
19070,3
18968,3
19055,3
19363,3
18966,3
19307,3
19309,3
18965,3
18937,3
19069,3
19039,3
18912,3
18815,3
18835,3
19102,3
18946,3
19022,3
1240,3
783,3
1063,3
1073,3
1316,3
1349,3
788,3
808,3
19458,1
19565,1
19741,1
19268,1
19647,1
19418,2
1402,3
18823,3
18847,3
18822,3
869,3
814,3
824,3
18900,1
907,1
846,1
890,6
19353,1
19509,1
19742,1
19364,1
19434,1
19586,1
19369,1
1352,5
790,5
789,5
1362,5
1439,5
1002,5
1251,5
19634,9
19018,7
19183,7
827,5
873,2
901,2
891,2
822,2
892,2
1230,2
836,2
897,2
950,2
949,2
882,2
1026,2
909,2
825,2
1200,1
19530,6
1049,8
19163,8
19466,8
19467,8
19675,8
951,6
851,6
1018,6
1235,6
1009,6
1060,6
1383,6
1353,6
868,6
863,6
1379,6
984,6
19133,6
19034,6
19105,6
18957,6
18889,6
18927,6
19414,6
18951,6
1143,6
19631,2
19126,2
19554,8
19680,2
19308,2
19195,2
1313,8
1040,8
19054,8
18915,8
1234,8
1381,10
840,10
1454,10
19728,8
19246,9
19714,9
856,8
967,8
903,8
894,8
1071,8
895,8
1198,8
858,8
932,8
881,8
994,8
19417,10
844,9
1202,9
1015,9
862,9
944,9
1115,9
1268,9
1003,9
1047,9
1516,4
19539,4
18866,4
18808,4
19365,4
1149,2
902,2
1128,10
19008,8
19531,8
1285,2
1370,2
1478,5
1093,5
1110,5
1290,5
1137,5
973,5
1517,5
1024,5
1406,5
839,5
1326,5
19511,7
19685,7
18818,7
19322,7
19147,7
955,7
19043,7
18987,7
831,7
958,7
1034,7
1146,7
19610,1
19095,1
19697,10
19088,10
19559,10
19091,10
19632,10
19698,10
19450,10
19795,10
19323,10
19561,10
18882,7
18833,7
18852,7
18837,7
18817,7
18907,7
18901,7
18870,7
18890,7
1277,9
19336,10
19670,1
18913,7
19483,7
19439,7
19107,7
19045,7
18904,7
19015,7
19654,7
19209,7
18963,7
19182,7
19304,7
1065,7
19003,7
19370,7
923,7
1109,7
1070,7
942,7
1007,7
1511,7
1027,7
1092,7
1091,5
1477,5
1368,5
19425,5
19275,5
19505,5
19207,5
860,5
833,2
18819,2
1320,2
1501,2
1461,2
1360,2
1152,2
1097,2
1074,2
864,2
1030,2
1079,2
1210,2
1267,2
1173,2
1131,2
1371,2
1140,2
1033,2
1145,3
1323,3
19412,9
19724,9
1345,7
797,3
19097,5
1080,4
18923,5
19663,7
19677,7
1374,5
1135,5
925,1
1195,1
19398,5
19477,5
19486,5
19534,5
19189,2
19193,8
1020,6
1192,6
1171,6
19235,6
1470,5
1480,5
983,5
1438,5
1004,5
1123,5
1467,5
1076,5
811,3
1433,2
19375,2
19489,6
19541,6
19576,6
19087,6
19735,6
19513,6
19734,6
19456,6
18940,1
19154,7
19355,8
19704,8
19656,8
19440,8
19101,8
19495,8
19314,8
19058,8
19476,8
19093,8
19145,8
19664,8
19514,8
19081,8
19000,8
19521,8
19328,8
18972,8
19681,8
19607,8
19283,8
19208,8
1253,8
18804,5
19139,5
19447,5
19224,5
19731,5
19694,5
19192,5
19658,5
19718,5
19762,5
18797,5
19155,5
19167,5
19086,5
18801,5
19592,5
1464,5
1120,4
19379,3
19684,3
19313,3
19141,10
19395,10
19273,10
19706,10
19730,10
19455,10
19759,10
19782,10
1484,10
19060,1
1455,7
1319,7
19569,7
19337,7
19774,7
18942,6
19050,6
18941,6
19204,6
18906,6
18855,6
18980,6
18858,6
19709,6
18939,6
18910,6
18899,6
18873,6
19191,6
19648,6
19460,6
19358,2
1510,3
1183,3
1499,5
1335,5
19627,6
19715,9
19190,9
19267,9
19452,10
19134,6
19109,6
19138,6
19252,6
19046,6
1025,1
19422,1
19094,4
19042,7
19502,7
19517,7
19271,7
19651,7
19187,1
19158,4
19635,4
1295,4
19591,1
19542,1
19464,10
845,6
1305,6
19650,8
19580,1
1321,1
19173,1
18975,1
19327,4
18829,4
19012,4
18857,4
19084,4
19001,4
18948,4
1203,8
919,8
991,8
19775,1
19122,1
19115,1
19463,1
19075,1
19733,1
1509,1
859,1
1504,10
801,2
803,2
807,2
19564,4
19717,4
19669,4
19727,4
18988,4
19588,4
19750,4
19188,4
19071,1
18810,1
19600,1
19303,1
19201,1
18799,1
19793,1
18802,1
19601,1
19678,1
19696,7
19661,7
1239,7
1279,7
19538,1
1193,2
19098,5
19378,5
19436,5
19500,5
19247,3
19168,3
19543,3
19035,3
953,2
1494,2
805,2
1418,2
786,2
1409,3
817,3
1222,3
1032,3
1164,3
906,3
898,3
1296,3
1176,3
1456,3
795,3
816,3
1011,3
1139,3
798,3
821,3
1057,3
969,6
1249,3
1241,8
794,8
1459,4
19347,1
18902,6
19560,6
18805,6
18949,6
18936,6
19344,6
18848,6
19723,6
19238,6
19745,6
1278,6
1231,6
1303,6
945,6
1284,6
1141,6
1259,9
1426,2
1050,2
1453,2
1496,2
878,2
1443,2
1121,2
1311,2
1274,2
1407,2
1208,2
1430,2
19506,4
1245,2
19377,9
18935,7
18922,9
929,2
1023,2
1297,2
1038,2
1334,2
1142,2
1068,2
1062,2
19177,3
19637,2
19562,2
19200,2
19237,3
19748,3
19573,3
19761,3
19641,3
19781,3
946,7
957,7
1388,7
1342,7
1250,7
1158,7
943,5
1481,7
1225,7
1377,7
1197,7
1099,7
1366,7
1005,7
1475,7
1136,10
1169,10
1398,2
806,1
800,1
1403,6
1428,2
1359,2
1035,9
1161,9
1372,4
19585,2
791,1
1132,1
1095,8
19668,4
1300,1
1355,5
1488,5
843,5
19519,2
19712,5
19589,5
19640,5
19473,5
1114,5
1436,5
784,5
1399,5
948,5
1395,4
1100,5
19612,5
1177,5
19231,1
1112,1
1052,1
990,1
978,1
899,1
799,1
1315,1
19499,7
19409,2
19596,7
19210,2
19496,7
19615,7
19380,7
19503,7
19501,2
19497,2
19259,7
1257,9
1449,9
1168,9
956,9
1465,4
19004,1
19089,1
18993,1
19790,1
19009,1
19373,8
19784,8
19293,8
19263,8
19213,8
19448,10
19426,1
19129,1
19699,1
19785,7
18971,8
19653,8
19518,1
19736,1
18924,1
19174,1
18921,1
19324,2
19778,2
19652,1
19016,9
18990,9
19274,10
19445,10
19716,8
19638,8
19021,2
19059,10
19169,10
19306,7
18917,7
19156,6
19446,6
19400,6
19453,7
19340,7
19399,7
19240,7
18970,6
19443,6
19582,7
19388,6
19124,7
18872,7
18891,7
19390,7
18960,7
19063,7
19537,7
19348,7
19649,3
19468,3
19740,3
19705,6
19672,3
19465,1
19197,6
19338,7
19241,8
19150,8
18976,8
1010,8
19405,2
19171,2
19535,2
19744,2
19469,2
1058,8
1119,8
1361,10
1507,10
1215,10
785,10
1341,10
1450,10
1487,4
1014,1
1515,9
972,7
19036,7
1373,7
1466,7
1445,5
19508,10
19159,10
19326,10
19449,10
19180,7
18920,7
1385,1
936,6
989,2
19616,4
19755,4
19128,4
19350,4
19771,4
19226,4
19245,4
19471,4
19346,4
19354,4
19316,4
19625,4
19312,4
19397,4
19769,4
19777,4
19099,4
19620,4
19783,4
19584,4
19555,4
19568,4
19194,4
19767,4
19570,4
19290,4
19737,4
19415,4
19567,4
19623,4
19360,4
19633,4
19659,4
19451,4
19776,4
19470,4
19419,4
19643,4
19413,4
19624,4
19557,4
19484,4
19644,4
19665,6
19770,1
19614,1
19666,8
19281,8
19079,8
18905,8
18842,8
18945,8
19798,8
19389,8
19756,8
19391,8
19220,8
18887,8
19040,8
18850,8
19427,8
19667,8
19074,8
19250,8
19671,8
19286,8
18944,8
19017,8
19103,8
19339,8
19038,8
19057,8
1351,7
1293,1
997,5
19645,8
1258,8
1108,8
1344,8
1182,8
884,8
1304,8
19540,3
19525,3
19657,3
19223,3
19236,3
19374,3
19066,3
19687,3
19062,8
1483,9
19085,9
19516,4
18994,2
18953,2
18834,2
19164,2
18925,2
19006,2
19536,2
18983,2
19225,2
19092,2
19315,2
19430,2
19239,8
1064,2
1310,2
820,1
834,1
830,1
1036,1
940,1
904,1
911,1
850,1
960,1
889,1
1075,1
847,1
1160,1
1022,1
857,1
849,1
842,1
986,1
1263,1
1396,1
826,1
1165,1
871,1
1166,1
954,1
875,1
879,1
880,1
963,1
19429,5
19278,5
19441,5
18991,5
19421,5
19104,5
19076,5
19639,5
19196,5
19579,5
19618,5
19437,5
18929,5
19317,5
19507,5
19342,5
19160,5
19130,5
18962,5
18879,5
18892,5
19515,5
19702,5
19423,5
19041,5
19114,9
19140,9
19404,9
19384,9
19289,9
19332,9
19014,9
19202,9
19301,9
18934,9
18859,9
18996,9
19078,9
19027,9
19031,9
18973,9
18840,9
1378,9
1322,9
19751,9
1354,9
1468,9
1086,9
1414,9
1413,9
19111,6
19786,6
19260,6
19566,6
19298,6
19674,6
19479,6
19366,6
19481,6
19682,6
18897,6
19232,6
19780,6
19112,6
19279,6
19272,6
19234,6
19020,6
19690,6
19551,6
19482,6
19613,6
1194,6
1392,6
968,5
1421,5
1282,5
1205,5
934,5
915,5
966,5
912,5
961,5
1317,5
1376,5
1151,5
987,5
1302,5
1029,5
1451,5
1113,5
941,5
1429,5
1397,5
18955,2
19067,10
18854,10
1098,2
1155,2
930,2
19214,8
18950,8
19341,8
813,6
19387,6
18807,6
19428,6
19558,6
19462,6
1502,6
1347,6
18836,6
19142,6
19248,6
19546,6
19492,6
19357,6
19077,6
19791,6
19590,6
19752,6
18851,6
1181,6
1329,6
19065,7
19572,7
19116,7
19621,7
19475,7
1212,2
1473,2
1082,7
19701,2
1357,2
1078,2
1184,2
1365,9
19757,9
19333,9
19028,9
18954,9
19318,9
19216,9
18919,9
19609,9
19763,9
1405,8
853,10
19420,10
19170,10
19410,10
19269,10
19556,10
19287,10
19264,10
867,9
1299,9
1084,9
1224,9
964,9
1417,9
1124,9
854,9
19711,8
19254,8
19198,8
19030,8
19527,8
980,10
19242,7
19686,7
19025,7
19766,2
1211,10
876,10
1138,10
962,10
1333,10
1236,8
19662,9
19331,10
19438,10
19123,10
19454,10
1419,1
976,1
19487,5
19524,3
1389,3
19300,7
19655,7
19605,7
19302,7
19493,7
19619,7
19179,7
1346,2
1013,2
1291,2
1255,2
1054,2
1393,2
1122,2
924,2
1041,2
1189,2
887,2
1157,2
19787,1
19773,3
1271,3
1404,3
1288,9
19700,1
888,9
1493,9
1226,1
886,1
1424,1
985,1
1111,1
1495,1
1440,1
1238,1
18986,2
19583,4
19334,4
19754,6
19205,6
19548,6
19550,6
19599,6
18931,6
19553,6
19587,6
19266,6
19575,6
18898,2
19442,8
19157,1
19545,1
19276,1
19461,1
870,3
1287,6
18967,6
19151,6
19024,6
1213,1
19052,2
18933,2
18958,2
18830,2
19049,2
19299,2
19090,2
18998,2
828,2
819,2
971,2
931,2
998,2
939,2
832,2
835,2
996,2
1485,2
1474,2
1337,2
1289,2
872,2
883,2
927,2
885,2
1053,2
1116,2
1055,2
1356,8
1039,5
1229,1
1432,1
19047,1
1260,10
865,10
792,10
1043,10
1415,2
19219,3
19199,3
18992,3
19459,3
18806,3
19005,3
19153,3
19255,2
829,6
1246,6
19406,8
959,3
1008,3
1106,3
1482,3
1262,3
1130,3
1261,3
1089,3
1491,3
1434,3
1077,3
1447,3
1369,3
1301,3
1336,3
1273,3
1437,3
1332,3
974,3
1469,3
1172,3
1247,3
1420,3
1180,2
19577,8
19161,1
19693,5
1306,4
19361,5
19606,3
19132,3
19386,3
19739,3
19722,3
19526,3
19679,3
19435,3
19319,3
18952,1
18875,1
19691,8
18943,2
19604,9
19695,4
19710,4
18977,6
19788,4
19708,4
19144,4
18824,4
19491,4
19291,4
19512,4
19504,4
19794,4
19713,4
18930,1
18959,1
18995,1
19181,1
19411,1
19137,1
19149,1
19295,1
19007,1
18862,1
18838,1
18926,1
18811,1
19029,1
19256,1
18894,1
18865,1
19510,1
18981,1
19178,1
19692,1
19403,1
19383,1
19270,1
19630,1
19227,1
19522,1
19372,1
19581,1
18938,1
19356,1
19351,1
19490,1
19352,1
19292,1
1386,1
1252,1
1190,1
1017,1
922,1
900,1
1521,1
952,1
1118,1
1102,1
1442,1
1156,1
1254,1
995,1
1314,1
1083,1
1067,1
1031,1
809,1
938,1
1167,1
1220,1
18999,10
1270,10
1348,1
1275,1
1492,1
19385,5
19729,5
935,5
787,3
1148,5
977,7
937,7
852,7
815,7
855,7
866,7
926,7
823,7
896,7
18843,3
18883,3
18828,1
18844,3
18821,3
841,3
18853,3
18878,3
838,3
18831,1
877,3
18832,3
18809,3
18947,3
861,3
18880,1
18864,1
18884,3
19230,3
1056,1
1179,1
19726,1
19186,1
19683,1
1324,5
1298,5
18979,5
18916,5
18881,2
19382,10
19528,10
19611,10
19305,10
19457,10
818,5
1513,1
18869,6
18885,6
18969,6
19249,6
19019,6
18911,6
19135,6
18845,6
18849,6
18863,6
1185,1
19258,5
18903,5
19026,5
19053,5
1186,1
1127,1
804,1
1117,1
1105,1
19789,6
19262,6
19571,6
970,5
1280,5
1162,2
1448,2
1380,2
1503,2
1506,2
1472,4
1223,4
1457,4
1066,4
18812,4
19106,4
19121,4
18874,4
18895,4
19688,4
18827,4
18888,7
1327,7
19764,5
1486,8
1330,7
18814,2
18876,2
18978,2
18860,2
18813,2
18886,2
18820,2
1384,6
933,5
1312,1
1028,1
910,1
1088,1
1309,1
1498,1
1401,6
993,2
1237,2
1199,2
1126,2
1006,2
1264,2
1159,7
1427,7
1318,7
1154,7
1163,7
1129,7
1476,7
1221,7
1206,7
917,7
914,7
1201,7
908,5
1519,7
982,7
1125,7
1048,5
1339,4
19617,8
19037,8
19185,8
18932,8
19367,8
19359,8
19120,8
19642,8
19073,8
19108,8
19165,8
19072,8
19394,8
1358,8
1479,8
1187,8
1042,8
1081,8
1227,8
1214,8
1276,8
874,8
1037,8
1232,8
1489,2
19533,3
19408,2
19523,2
19162,2
19392,2
1242,10
1518,10
19779,4
1191,3
1170,3
1331,3
1500,3
18985,7
1441,7
13292,8
13011,8
13490,8
12872,2
13301,8
13452,8
13456,8
12770,8
13186,8
12879,8
13485,8
13267,8
13436,8
27698,9
27860,9
27523,9
27796,9
27551,9
28183,9
27814,9
27912,1
13379,5
27569,1
13122,1
27988,1
13579,5
28025,1
13384,2
27709,6
27756,6
28290,6
27839,6
27948,6
28152,6
28124,6
27980,6
27972,6
28284,6
28210,6
28136,6
12993,3
12916,3
12911,3
12883,3
13098,2
13331,2
13000,2
13315,2
13317,2
13328,2
13306,2
13146,2
13049,1
13252,1
12867,1
27490,1
27635,1
12756,1
28027,6
13367,8
13109,8
13040,8
27914,8
13275,8
13216,8
27906,8
13528,8
13183,8
13070,8
28069,8
13416,8
13385,8
27771,9
13147,3
13197,10
13105,10
13381,10
28184,6
28060,6
27791,6
27937,6
27655,6
12844,6
12902,6
27970,8
27986,8
12980,1
13214,2
13302,6
13520,4
13510,2
13221,2
13041,4
28154,10
28142,10
28212,2
28000,2
12975,2
13541,2
13291,1
27837,6
27682,6
27744,6
28021,6
13234,1
13135,1
13246,1
13026,1
12829,1
13102,1
12955,1
13231,1
12927,1
13369,1
13525,1
13309,1
13180,1
13549,1
13157,1
13404,1
13351,1
13473,1
13392,1
27829,7
13303,5
13175,4
13534,4
13440,8
13294,7
13208,7
13372,7
28040,9
27612,9
28271,9
27399,9
27403,9
28016,9
27416,9
27990,9
28077,9
27409,9
27886,9
27401,9
27583,9
28097,9
28043,9
28092,9
27534,9
27739,9
28157,9
28140,9
27867,9
27667,9
27512,9
27397,9
28108,9
28022,9
27997,9
27410,9
28087,9
27918,9
27761,9
27636,9
28104,9
13280,9
28286,9
13508,10
13018,5
13545,10
13096,10
13143,10
13235,10
13032,2
13144,7
13153,7
13259,5
12998,5
13538,5
13092,5
13457,5
13336,5
13191,5
13514,5
13006,5
13114,5
13357,5
13264,10
13378,5
28103,6
12948,8
12973,8
12946,8
13548,8
13449,8
13278,8
13107,8
12926,8
13047,8
12773,8
12965,8
13201,8
27663,8
27998,8
27699,8
27933,8
28216,8
27940,8
28096,8
27869,8
28245,8
28101,8
28297,8
27773,8
13237,5
13342,1
13133,2
13537,3
27938,4
27556,4
27702,4
13446,2
13588,2
13471,10
12873,3
13138,3
27817,2
27956,2
27865,2
13518,2
27831,9
27506,9
27623,9
27677,9
27882,9
27685,9
28094,9
27503,9
13428,3
27911,3
27736,3
27879,3
27995,3
27724,3
12738,3
13386,3
12937,3
12795,3
12767,3
13014,3
12733,3
13209,3
13240,3
12876,3
12894,3
13390,3
13376,3
13553,3
13374,3
28179,1
13503,5
13082,5
12922,5
13087,5
13101,5
13024,5
27589,1
27731,1
13587,1
12960,6
13113,6
13245,6
13325,6
13166,6
13532,6
13513,6
13288,7
28085,2
27996,2
13498,6
28171,2
28193,2
13481,6
12977,6
12823,6
12903,6
12863,6
13215,6
13160,6
13095,6
13042,6
13093,6
12984,6
12813,6
12845,6
12943,6
12843,6
13088,6
13414,6
12824,6
13387,6
13104,6
12871,6
13159,6
13117,6
28280,2
28052,3
28158,3
27582,6
27463,6
27426,6
27779,2
28198,1
13536,3
28035,5
28113,5
27726,5
13045,5
12796,5
13447,5
12774,5
12779,5
13423,5
12801,5
13021,5
12778,5
12802,5
12804,5
12811,5
13533,5
13338,5
12748,1
13287,5
13388,2
28051,10
12847,3
27901,4
28055,4
27465,4
27714,4
28228,4
27803,4
27808,4
28215,4
13395,2
28118,4
13290,3
13188,3
13566,9
27965,10
27574,10
28175,10
27772,10
27408,10
27671,10
28300,10
27929,10
27598,10
27930,10
28255,10
27884,10
27658,10
28240,8
13182,8
12821,8
13483,3
13499,1
12918,1
12721,1
13489,1
13353,1
12710,1
12974,1
12734,1
13184,1
13475,1
13126,1
13568,1
13152,1
13015,1
13226,1
12720,1
12717,1
13284,1
13055,1
13375,5
13272,3
13206,1
13140,1
28072,9
28134,9
28277,9
13407,3
13163,3
28209,4
27809,1
27983,6
28054,6
28128,3
27993,3
27915,8
27801,3
27931,3
27821,3
27516,3
13012,3
13179,3
28089,5
13256,8
13443,8
13198,8
13439,3
28024,7
13571,6
27722,6
27509,6
27595,6
27614,6
27742,6
28037,6
28178,6
28187,6
27781,6
28296,6
28182,6
27968,6
27749,6
27947,6
27786,6
28163,7
27616,6
28116,7
27828,6
28170,6
13401,4
13383,4
13229,4
28033,7
27949,7
27898,3
27957,3
28012,3
27679,3
28084,6
28225,6
13550,4
13119,4
13168,2
13324,7
28213,5
27840,5
28291,5
28032,5
28133,5
28164,5
27747,5
13285,1
13491,1
13480,1
13333,1
13110,1
13081,1
12949,1
13132,1
13056,1
13465,1
13400,1
27902,1
27992,5
27987,5
27975,5
28121,5
12820,1
27543,3
27855,2
28132,2
13270,7
13329,7
13426,6
13542,6
13253,9
13121,9
13320,9
13296,1
13393,6
28009,2
13059,1
12947,3
12953,3
27844,2
27842,2
27765,2
28220,2
27769,2
13469,1
27834,1
13254,1
13362,1
13556,1
12896,1
12711,1
12861,1
27471,1
27597,1
27545,1
27825,1
27653,1
27571,1
27460,1
27954,1
27546,1
28127,1
27813,1
27967,1
28131,1
27498,1
27634,1
27566,1
27647,1
27425,1
27979,1
27994,1
27903,1
27784,1
28234,1
27442,1
27450,1
27790,1
27530,1
28250,1
27561,1
27874,1
27452,1
27650,1
27826,1
27474,1
27443,1
27594,1
27770,1
27910,1
27605,1
27847,1
28042,1
27945,1
13217,1
27420,1
27746,4
27562,4
27776,4
12787,1
12808,1
13576,1
12758,1
13261,2
13112,2
27703,3
28105,3
27982,1
13380,2
13371,3
12969,3
12912,2
13564,2
13295,2
13429,2
13354,2
12816,2
12897,2
12990,2
13193,2
13007,2
13002,2
13043,8
13010,4
12898,4
13382,4
12800,4
12805,4
12754,4
13031,4
13085,4
13276,4
13557,4
13330,2
13344,2
27642,1
28241,1
28117,8
28122,8
27757,4
13396,1
13072,1
12848,4
27495,4
27417,4
27617,4
27446,4
27723,4
27601,4
27727,4
27943,4
27576,4
27729,4
27859,4
27919,4
27437,4
27978,4
28038,4
27787,4
27941,4
27581,4
27458,4
27480,4
27743,4
28180,4
27680,4
27835,4
27868,4
12832,4
13413,4
12841,4
12839,4
12714,4
13022,4
13572,4
13319,4
13164,4
12730,1
12704,1
13460,1
12718,6
12706,6
13417,6
13169,6
12729,6
12703,6
13454,3
13069,6
12780,6
12764,6
13151,6
13103,6
13570,6
13339,6
12727,6
12713,6
12722,6
12709,6
13263,6
12837,6
12735,6
13310,2
12789,2
28129,4
13283,9
28079,2
28076,2
13442,5
13561,5
13435,8
13516,8
13569,8
13225,8
13137,8
13165,8
12989,8
13586,8
13505,8
13593,8
13017,8
13212,8
13403,1
13258,1
13421,1
13482,2
28203,3
13099,4
12884,2
13364,2
12874,2
13530,1
12929,1
27484,4
13535,5
12934,4
13346,4
13544,9
13389,3
13025,2
13479,4
28188,7
28298,7
13540,5
13268,5
13361,5
12982,5
13573,5
13441,5
13348,5
13434,1
13424,1
13097,1
13451,1
13581,1
13594,1
13575,1
13260,1
13477,1
13223,4
13255,4
13030,4
13173,4
12942,4
12716,4
13470,4
13286,8
13493,8
13066,8
13027,4
28165,1
28099,1
27608,1
27778,3
28028,3
13242,9
13189,9
13455,9
13277,9
13141,9
13298,9
12932,9
13224,9
13515,9
13241,9
13177,9
13136,9
13150,9
13038,9
28065,2
27889,5
27694,5
27797,5
27590,5
28299,5
28238,10
28247,10
28226,10
28266,10
28287,10
28074,10
27586,1
28251,1
27861,2
27944,3
27895,5
27811,5
27593,5
27721,5
28217,5
27832,5
27539,5
28249,5
27768,5
27515,5
27564,5
27547,5
27754,5
27864,5
27905,5
27666,5
27521,5
27519,5
27760,5
27963,5
27600,5
27662,5
27497,5
27604,5
27502,5
27540,5
27621,5
27741,5
27660,5
27560,5
27625,5
27483,5
27532,5
28196,1
28168,1
28114,5
27951,5
27823,5
27508,5
28010,5
28268,5
27499,5
27875,7
27670,7
27833,7
27818,7
27795,7
28147,7
28019,7
13155,5
13554,5
13335,5
13299,5
13326,5
13432,5
13506,5
13437,5
12909,5
13203,5
12919,5
12992,5
12941,5
13251,5
13195,5
13453,5
13484,5
13205,5
13079,5
13130,5
12954,5
13398,5
13522,5
13352,5
13474,5
13271,5
13127,5
28230,10
13078,8
13304,8
13282,10
13531,10
13034,8
12983,8
12810,1
13356,3
12956,3
13057,3
27926,1
28066,1
28082,7
27932,7
28259,5
28137,7
12707,2
13415,2
27848,1
27838,1
27802,1
13086,8
27405,8
27661,8
27396,8
27673,8
27407,8
27849,8
28292,8
27728,8
27716,8
27568,8
27824,8
27544,8
28100,8
27764,8
27676,8
28227,8
27451,8
27609,8
28018,8
13297,8
12712,8
27557,9
28224,4
27596,1
27633,1
27720,1
27883,1
13063,4
13080,7
28161,7
28036,7
28270,7
28267,7
28006,7
28253,7
27816,7
27792,7
28285,8
13181,8
12740,8
27640,3
28237,8
28254,8
28185,8
13174,8
13003,8
28208,8
27577,8
27632,8
27810,8
27715,8
27501,8
28275,8
27700,8
27921,8
27429,8
27439,8
27412,8
28056,8
27973,8
28115,8
27920,8
27733,8
28144,8
27904,8
13148,8
12739,8
12928,8
12726,8
28088,8
27665,8
28190,8
27587,8
28090,8
27535,8
27610,8
28031,8
28252,8
27607,8
28236,8
27800,8
27645,8
27528,8
27482,8
27526,8
27740,8
27775,8
28289,8
13091,8
13318,8
13552,8
12875,8
12776,2
12775,2
12854,2
12836,2
12759,2
12792,2
28014,2
28005,2
13487,4
12737,1
13156,1
13154,1
13200,1
28002,8
27774,8
27793,8
27690,8
28020,8
28011,8
27493,8
27971,8
28041,8
27711,8
28156,8
27683,8
27514,8
28274,8
27799,8
27500,8
28075,8
27783,8
27953,8
27934,8
28003,8
28262,8
27691,8
27418,8
27404,8
27643,8
27891,8
27542,8
28123,8
27678,8
27750,8
27908,8
27780,8
27475,8
28181,8
27494,8
27613,8
27706,8
27630,1
27946,1
27788,2
27565,2
27684,2
27459,2
27708,2
27819,2
27701,2
27602,2
27657,2
28221,2
27654,2
28070,8
12961,6
12857,6
13265,9
13341,5
27854,6
13089,1
28067,1
27877,7
13125,5
13560,8
28078,2
28219,2
13218,3
13035,3
13433,3
13462,3
13391,3
27841,3
13321,10
28278,9
28207,9
28174,9
28146,9
28269,9
27907,9
27893,9
28176,9
27806,9
28111,9
28126,9
27549,9
27453,9
27441,9
27876,9
27936,9
28086,9
27984,9
27656,9
27899,9
28283,9
27555,9
27718,9
27591,9
27489,9
27511,9
27467,9
28162,9
28169,9
28272,9
27525,9
27472,9
27518,9
27615,9
27411,9
28263,9
28155,9
27763,9
28235,9
27567,9
28057,9
28194,9
27649,9
27669,9
27689,9
28279,9
28138,9
27430,9
28044,9
28004,9
27969,9
27433,9
27592,9
27719,9
27717,9
27738,9
28195,9
27491,9
28068,9
27913,9
27435,9
28061,9
27637,9
28160,9
27852,9
28229,9
28261,9
27888,9
28192,9
27536,9
27638,9
28073,9
27830,9
28107,9
27584,9
27751,9
27507,9
27398,9
27851,9
28026,9
28233,9
27955,9
27924,9
27619,9
27857,9
27858,9
27603,9
27925,9
27964,9
27553,9
27805,9
28030,9
27927,9
27687,9
27681,9
27563,9
27853,9
27836,9
27977,9
27785,9
27856,9
28023,9
28242,8
27961,8
28200,8
27688,8
27974,8
27735,8
27695,8
27950,8
27704,8
28166,8
28130,8
28015,8
27675,8
27696,8
27710,8
27622,8
28102,8
28143,2
13176,7
13029,7
12793,7
12944,7
13418,7
12825,7
13065,7
13033,7
13430,7
12749,7
12913,7
13359,7
13397,7
12917,7
12923,7
12981,7
13366,10
28239,10
27989,10
27881,10
27900,10
28197,10
27782,10
27991,10
28231,10
28150,10
13230,2
13248,2
12760,3
12930,3
13134,10
28293,8
28199,8
27897,8
28232,8
27985,8
28064,8
27887,8
27892,8
27939,8
27863,8
28218,8
13037,1
13377,10
28045,6
27578,1
28288,1
28098,1
27846,1
27767,1
27872,1
27999,1
28186,1
27755,1
28273,1
28265,1
28264,1
27798,1
28095,1
13551,1
13274,1
13083,1
13090,1
13422,1
13300,1
12769,7
12822,7
12798,4
13589,2
13504,2
13207,2
13084,2
13450,2
12878,2
13060,2
13521,2
13044,2
13494,2
13410,2
13461,2
13111,2
12725,2
12951,2
12935,2
13073,2
12819,2
12880,2
13562,2
13281,2
12991,2
13409,2
13327,2
13243,2
13463,2
13313,2
13322,2
13013,2
12708,2
12705,2
12723,2
12818,2
13145,2
13131,2
13360,2
13249,2
27758,1
27958,1
28017,1
27916,1
28001,1
27862,1
27692,1
28125,1
28135,1
27922,1
28282,6
27822,6
27804,6
27952,6
28139,6
27449,6
28120,6
28294,6
28008,6
28062,6
27917,6
27730,6
28049,6
28177,4
28110,4
13323,2
13458,5
13419,5
13405,6
13559,3
12987,2
13244,2
13492,2
13406,4
13345,4
12736,4
13438,4
13046,4
12995,4
13074,4
13005,4
12890,4
13115,4
12972,4
12994,4
13408,4
12830,4
12931,4
12809,4
13591,4
13517,4
13062,4
13495,4
12842,4
13004,4
12799,4
13363,4
12892,4
13199,4
12957,4
13171,4
13236,4
13486,4
12988,4
12963,4
12855,4
12814,4
13185,4
13411,1
12797,1
12846,1
13373,10
13051,10
13008,10
12835,10
13337,1
13279,10
13192,1
12895,1
12766,1
12908,1
13222,5
13580,5
13009,6
12904,3
12747,3
12986,3
13124,3
13020,3
13585,3
13307,3
13334,4
12715,4
13399,4
13106,8
13064,8
13061,2
12860,2
13162,2
13472,1
13507,1
27686,4
27794,4
27942,3
13123,3
13211,4
13204,4
12771,4
12887,4
12732,4
12785,4
12741,4
12761,4
13213,4
27707,4
27533,4
27705,4
13050,4
13476,4
13028,4
12997,4
27504,4
27461,4
27866,4
27517,4
28276,4
28058,4
27580,4
27725,4
27421,4
27548,4
27492,4
27476,4
27628,4
27486,4
27428,4
27438,4
27468,4
27524,4
28048,4
27434,4
27573,4
27488,4
28145,4
27520,4
27513,4
27732,4
27745,4
27455,4
27456,4
27454,4
27624,4
27485,4
27479,4
27496,4
27444,4
27697,4
27646,4
27477,4
27559,4
27422,4
27419,4
27478,4
27440,4
27436,4
27570,4
27762,4
27759,4
27890,4
27462,4
27843,4
27880,4
27469,4
27432,4
28257,4
27431,4
27464,4
28059,4
27541,4
27627,4
27470,4
27554,4
27648,4
27652,4
28081,4
27620,4
27611,4
27845,4
27448,4
27505,4
27664,4
27659,4
27789,4
27962,4
28258,4
27585,4
27737,4
27618,4
13340,4
13053,4
12781,4
12728,4
12731,4
12772,4
28047,4
13116,4
13478,4
12959,4
13129,4
12888,4
12851,4
13118,4
12864,4
12885,4
13019,4
13016,4
13308,4
12906,4
13048,4
12970,4
13227,4
12791,4
13497,4
13402,4
12996,4
12925,4
12849,4
12744,4
12962,4
12782,4
13161,4
13365,4
12891,4
12920,4
13187,4
13075,4
12806,4
12784,4
12763,4
13547,4
12945,4
12889,4
12783,4
12971,4
12828,4
13108,4
12862,4
12893,4
13076,4
12976,4
12743,4
12869,4
12858,4
12838,4
12827,4
12910,4
12952,4
12745,4
12905,4
13257,4
12852,4
13094,4
12938,4
12755,4
12790,4
13305,4
12834,4
12866,4
12940,4
12907,4
13071,4
13316,4
12865,4
13001,4
13142,4
12901,4
12924,4
12968,4
12881,4
12859,4
13565,4
13172,4
12933,4
12921,4
13233,4
12978,4
12831,4
12742,4
12833,4
12868,4
12752,6
12936,9
13558,10
27807,6
27870,1
27641,1
27909,1
27873,1
13120,1
12999,1
13567,1
12985,10
13445,2
13370,2
13488,3
13466,3
13459,2
13578,2
12899,2
12886,2
12840,2
13167,2
13425,7
13262,7
13511,7
13355,7
12939,7
13128,7
12817,7
13158,7
12765,7
12966,7
12877,7
12915,7
13036,7
12958,7
13427,5
13448,5
13358,5
13100,5
13444,5
13509,8
27734,1
27527,1
28214,4
12807,1
27481,1
13052,1
27487,1
27599,1
27976,1
27537,1
27674,1
27960,1
28204,1
27529,1
27457,1
27812,1
27510,1
27552,1
27445,1
27466,1
28039,1
28167,1
13350,1
12850,1
12967,1
12815,1
12750,1
13312,1
12803,1
13190,1
12746,1
12768,1
12762,1
12794,1
12757,1
13077,1
13202,8
13555,8
13347,8
12914,8
27959,6
27558,1
28091,3
27712,3
28246,3
27752,3
28053,3
28083,3
28173,6
13496,3
12786,2
12751,2
28172,2
27878,2
27753,2
13273,3
28148,2
28202,2
28281,2
12719,2
13149,2
13501,2
27606,4
27672,4
13467,4
28119,4
13592,4
13590,4
12979,9
13431,6
13539,3
13529,3
13178,3
13500,3
13343,3
13054,3
13210,1
28206,10
28243,10
27827,1
12826,1
27538,3
13368,3
13068,3
28029,5
28295,5
28244,5
28191,9
28159,9
27935,9
13194,6
13543,6
13527,6
13239,6
13232,6
13584,6
13563,4
13577,4
13219,4
13293,4
13512,4
13196,4
13394,4
13170,4
13582,4
13420,4
13314,4
12870,4
28260,4
28201,4
27693,4
28093,4
27550,4
27629,4
27631,4
27575,4
28223,4
27413,4
27588,4
27427,4
27766,4
28050,4
27473,4
27820,4
27626,4
27447,4
28106,4
27928,4
27644,4
27850,4
27896,4
27395,4
27414,4
27531,4
27423,4
27415,4
27424,4
27639,4
27651,4
27748,4
27572,4
28071,4
27579,4
27871,4
27966,4
28109,4
27522,4
28151,8
28149,8
13250,3
28189,2
12753,5
13269,5
12856,1
13228,6
13519,6
13583,6
13266,6
13468,1
13289,1
12788,1
13332,1
13523,1
13238,1
12777,1
12853,1
13574,1
12964,3
13311,10
13526,4
13220,4
13023,3
12900,1
13546,1
13464,1
13349,6
13058,1
12812,1
13247,1
28153,3
28141,3
27777,3
27668,3
28063,3
12724,3
27923,10
28112,5
13412,5
13502,5
13039,5
12950,8
27393,5
27402,5
28013,5
28256,5
27713,5
28211,5
27894,5
28007,5
27981,5
27394,5
28248,5
28046,5
28205,5
28222,5
28034,5
27815,5
27885,5
188,2
570,5
94,5
463,5
101,5
93,5
494,5
16,5
668,5
572,5
646,5
297,2
401,6
16629,10
697,4
16515,6
16942,1
16030,10
16053,10
16063,10
16037,10
765,1
768,1
16213,2
16022,4
16072,4
15996,4
16875,1
271,1
567,1
634,1
449,2
16180,4
16106,4
17008,4
16799,2
736,9
16314,9
16965,9
231,1
259,9
709,9
741,9
512,9
425,9
241,9
368,9
558,9
537,9
165,9
525,9
387,9
130,9
184,9
330,9
160,9
762,9
600,9
576,9
260,9
655,9
321,9
346,9
417,9
367,9
427,9
528,9
492,9
293,9
439,9
375,9
89,9
478,9
120,9
495,9
442,9
320,9
281,9
164,9
212,9
507,9
274,9
326,9
276,9
384,9
583,9
403,9
703,9
210,9
550,9
201,9
406,9
146,9
124,9
199,9
759,9
423,9
218,9
405,9
325,9
141,9
662,9
404,9
369,9
420,9
202,9
632,9
279,9
221,9
627,9
258,9
548,9
750,9
747,9
226,9
704,9
166,9
176,9
524,9
433,9
557,9
294,9
366,9
364,9
633,9
644,9
679,9
273,9
332,9
458,9
157,9
227,9
207,9
328,9
490,9
337,9
611,9
422,9
744,9
278,9
16993,6
485,6
16116,6
204,2
148,2
16950,2
16365,2
16272,2
16968,2
9,2
715,2
65,2
14,2
694,2
504,2
51,2
16756,4
573,8
666,8
584,8
16278,8
484,8
339,8
338,8
16837,8
701,8
16302,8
617,8
16819,8
618,8
16529,8
721,8
523,8
693,8
647,8
631,8
16313,4
16666,5
641,6
381,6
674,6
409,6
706,6
590,6
371,6
780,6
562,7
100,9
20,2
40,2
107,2
5,2
31,2
16736,10
16911,10
16897,10
733,10
732,10
16797,3
16841,8
17051,8
16492,8
16834,8
16946,8
16786,8
682,8
16584,8
16372,8
16878,8
16621,8
16299,8
16153,8
16247,8
16850,8
16596,8
564,8
16512,8
16585,2
16580,2
16574,2
16553,2
16528,2
16453,2
16464,2
16149,2
448,6
16836,1
16707,1
16690,1
132,1
191,1
306,1
16364,9
16818,2
16806,3
249,8
203,4
578,8
416,3
83,3
716,3
96,8
85,8
16577,2
47,6
95,6
4,6
17045,8
559,4
469,4
719,4
240,4
121,4
197,4
513,4
623,4
351,4
772,4
350,4
482,4
144,4
230,4
261,4
275,4
437,4
145,4
122,4
392,4
136,4
16047,4
16270,4
16138,10
16150,10
16261,9
19,9
16939,9
16032,9
16077,9
16098,9
497,3
609,3
724,3
723,3
99,1
16566,4
540,7
16172,4
16829,3
16398,3
16979,3
16477,3
16375,3
16835,9
16353,3
16069,3
16080,3
764,7
16790,9
16303,9
16963,9
16623,7
16470,2
16626,2
16441,3
16164,8
16073,8
16004,8
15995,8
16052,8
16650,8
16726,8
16014,8
16048,8
16752,8
16588,8
16002,8
16006,8
16084,8
16241,8
296,8
17,8
729,8
702,8
554,8
3,8
653,8
16892,3
16113,3
16117,3
16308,3
16394,3
16662,3
16433,3
16530,3
16639,3
16783,3
17020,3
29,3
79,3
50,3
2,3
106,3
38,3
10,3
48,3
61,3
62,3
117,3
87,3
84,3
16328,1
16277,4
16267,4
16893,4
17019,6
16480,6
16800,3
16230,3
16334,3
16523,3
16142,3
16540,3
16531,3
16202,3
16280,3
16741,3
16171,3
16940,3
16387,3
16181,3
16200,3
16147,3
16612,3
16295,3
16645,3
16891,3
16516,3
16802,3
16909,3
16097,3
16336,3
16431,3
16254,3
16152,3
16124,3
16474,3
16143,3
16259,3
16641,3
16126,3
16593,3
16192,3
16287,3
16111,3
16377,3
16352,3
16112,3
16709,3
16401,3
16498,3
16204,3
16564,3
16091,3
16085,3
16128,3
629,3
234,3
304,3
460,3
114,3
224,3
614,3
521,3
677,3
472,3
734,3
412,3
254,3
16575,8
16727,8
16321,8
16597,8
16227,2
16119,2
16110,2
16109,2
16165,2
16127,2
16129,2
16869,2
16274,2
16307,2
268,2
250,2
16526,8
542,5
39,5
64,5
44,5
92,5
359,1
745,1
17027,7
16675,7
16745,7
16870,7
239,7
174,7
560,7
16828,7
760,7
477,7
16854,6
16825,6
530,10
16983,2
16146,2
16734,8
16160,10
16812,1
543,10
587,10
16371,3
500,6
414,6
636,6
475,6
661,6
612,6
635,6
681,6
686,6
410,6
16105,6
16095,6
16864,6
16567,6
16678,6
16383,6
16265,6
16542,6
16493,6
16785,6
16632,6
16716,6
16389,6
16724,6
16249,6
16107,6
16223,6
16121,6
16100,6
16670,6
16224,6
16093,6
173,6
133,6
127,6
126,6
159,6
426,6
282,6
16333,10
16276,7
17076,5
476,5
16901,6
399,10
16600,7
16506,2
16236,2
16186,8
16444,9
16718,9
16369,9
16310,9
16211,9
16206,9
16342,9
16986,9
152,8
112,8
67,9
35,9
16061,4
17031,4
16384,4
16305,4
16144,4
16306,4
16617,4
16973,4
16301,4
16290,4
16423,4
16104,4
16967,4
16167,4
16133,4
16140,4
16229,4
16260,4
16156,4
16123,4
16242,4
16049,4
16114,4
16148,4
16197,4
16196,4
16020,4
16279,4
16555,2
522,6
16871,6
17064,8
16888,7
16532,7
739,6
290,2
481,2
365,2
737,2
80,2
53,2
232,7
256,7
181,7
625,7
480,7
334,7
16561,7
459,7
16642,7
16551,7
208,7
372,7
16924,7
16660,7
156,7
450,7
604,7
177,7
243,7
301,7
16966,8
16207,7
16392,10
16168,1
190,10
189,10
16751,1
16536,1
16881,1
16914,1
291,1
638,1
16344,10
16312,10
16055,10
16054,10
16684,10
16913,10
16793,10
16442,10
16021,10
16221,10
16222,7
322,3
16284,8
16501,9
16235,4
16399,8
16565,8
16560,8
16882,8
16669,8
16918,8
16879,5
17033,5
16691,5
17048,5
17052,1
16315,1
17029,1
154,1
574,1
17007,7
147,7
561,5
749,5
603,5
396,5
355,2
233,2
244,2
16976,2
16343,2
16735,2
16491,2
16823,2
16630,2
16576,2
16776,2
726,2
17071,9
22,3
8,3
16852,8
16671,8
16943,8
16803,3
16316,2
16297,2
16187,2
16437,10
193,6
536,6
663,6
263,6
424,6
370,6
743,6
16232,6
16283,6
16730,6
16767,6
16430,6
16721,6
16890,6
16456,6
16698,6
16733,6
16571,6
16680,6
728,5
553,1
515,1
378,1
610,1
16034,5
16007,5
16195,5
16233,5
16970,5
16919,5
16921,8
16083,8
16038,8
446,8
16657,2
17059,2
16319,6
264,2
16809,7
16980,2
516,6
225,6
462,6
16269,6
16447,6
134,6
621,6
270,9
16058,8
16062,8
16043,8
16050,8
16013,8
16788,8
16090,5
16094,5
16076,5
16089,5
16079,5
16634,5
667,5
519,10
16779,10
16281,10
430,3
363,3
464,3
16448,3
16705,3
16581,3
397,3
657,3
16925,3
16692,3
539,3
443,3
16031,10
16088,10
16027,10
16042,10
16023,10
16414,10
16057,10
16087,10
16557,7
16412,7
16831,7
16201,8
602,7
16331,6
16948,6
16822,6
16935,6
16175,6
16873,6
16706,6
16139,6
16135,6
16108,6
16292,6
16329,6
16161,6
16420,6
16226,1
16804,1
16363,1
17009,1
16915,1
16713,1
17004,1
16559,3
16219,1
305,1
16410,1
593,1
16987,1
16777,1
16895,1
16652,1
16483,1
16457,5
16472,3
16572,3
16995,8
16985,9
16883,9
16511,9
16874,9
16902,9
17040,5
16959,5
16554,5
360,3
16590,3
16264,3
16286,3
16178,3
16723,3
16349,1
555,1
16732,3
16212,3
140,3
16348,3
220,3
16251,3
16248,3
16486,3
16710,3
16120,3
192,3
16275,3
16131,3
182,3
712,3
664,6
606,6
419,10
695,10
16458,7
16696,7
16487,7
16614,7
16451,7
16757,7
16613,7
16747,7
16534,7
16861,7
16419,7
16210,7
16359,7
16591,7
16355,7
16947,7
16717,7
16547,7
16539,7
16827,7
16971,7
16380,7
16668,7
16981,7
16183,7
16570,7
589,7
670,7
16505,1
16214,1
16370,1
16635,1
16385,1
272,1
340,1
16495,1
16367,1
16974,1
16440,1
16958,1
16603,1
17069,1
215,1
581,1
408,3
758,8
287,8
17030,10
16592,10
385,3
626,7
16766,10
183,10
16253,3
436,3
257,3
195,3
138,3
16573,7
16177,7
16899,7
16702,7
16479,2
229,1
707,1
16421,1
16424,1
16469,1
17001,1
16955,1
16549,1
16179,1
16000,1
16035,1
16568,1
16860,1
16583,1
16845,1
16291,1
16340,1
16686,1
15990,1
16309,3
16655,1
16199,1
16647,1
16956,1
16198,1
17063,1
672,1
18,1
779,8
628,8
16868,8
16813,8
105,8
486,10
16320,7
16631,3
717,3
16239,4
16969,4
17047,4
16327,4
16599,4
16863,4
16525,4
16781,4
16215,4
16620,9
16521,9
298,7
16807,8
16764,8
16876,8
16960,1
16240,1
16798,1
16194,1
16704,1
568,1
479,1
720,1
487,1
283,1
588,1
17013,7
16651,1
46,2
75,2
656,1
17034,4
16413,3
16778,9
691,9
347,9
16601,9
16589,8
660,1
738,4
465,4
748,4
16962,3
16257,3
16262,3
16475,3
16263,3
16880,3
591,1
753,1
28,6
16851,5
56,2
757,2
63,2
711,3
37,3
13,3
352,3
12,3
544,3
36,3
563,3
630,8
566,3
547,3
49,8
598,8
373,4
468,4
447,4
596,4
16494,8
16074,6
15993,6
16408,6
16082,6
16078,6
16132,6
16810,6
16459,1
16982,1
16163,1
118,6
76,6
33,6
16386,2
16582,2
16978,2
16435,2
16162,2
16762,2
17057,2
16760,2
17070,2
16945,2
16443,2
16357,2
659,4
16640,4
687,2
730,2
16884,9
16729,9
143,2
16944,2
16499,2
16616,2
16579,2
16028,2
16075,2
511,4
16541,3
710,3
336,6
496,7
770,7
506,7
16101,4
16594,4
16989,1
16843,7
16300,5
16941,5
16158,5
16504,4
16731,4
16896,4
683,4
345,9
308,9
386,2
245,9
411,7
348,3
70,1
16808,6
171,3
16643,4
579,4
16991,4
526,1
16374,5
16844,5
16586,5
16961,5
16703,5
16654,5
16905,5
16746,5
26,5
390,5
696,5
400,5
25,5
421,5
30,5
671,5
505,5
343,5
488,5
746,5
59,5
441,5
242,5
42,5
11,5
594,5
15,5
86,5
23,5
55,5
7,5
457,5
648,5
595,5
675,4
16744,3
16465,2
17005,2
16856,2
16350,2
58,10
60,10
111,9
16606,1
16425,1
16607,1
17017,1
16405,1
16917,1
17062,7
16378,2
16552,2
17016,10
16411,10
16426,9
16627,6
17068,3
16886,1
16916,1
16920,1
16677,1
16509,1
17043,6
16816,9
16066,7
773,1
538,1
16763,5
16737,2
16252,3
16792,3
17032,1
16904,7
616,7
16903,1
17035,9
535,6
454,6
389,6
700,6
16821,7
16977,7
582,7
713,8
151,3
16041,1
16017,1
16029,1
16081,1
698,4
16481,8
16478,8
16633,8
16502,8
16894,8
16520,8
16858,8
16628,8
16758,8
16445,8
16611,8
16416,8
16273,8
16250,8
16205,8
16972,3
503,1
769,1
722,1
383,1
645,1
266,1
395,1
493,1
110,1
16390,3
216,3
17049,7
16953,7
16855,7
16154,6
362,6
16658,6
380,6
150,6
302,8
341,6
213,6
16293,6
16345,6
601,6
108,6
16189,9
16244,6
16373,6
267,6
277,6
16157,7
428,7
16118,7
16434,7
16296,7
16720,7
16323,7
16330,4
116,2
752,3
541,3
742,8
796,8
16382,8
16997,8
16496,8
16563,8
16243,5
756,4
17053,4
16625,2
17056,2
16618,2
16697,2
16682,2
16857,2
669,3
16701,6
265,6
284,6
16484,4
16714,2
16832,4
781,5
16438,6
16450,6
16990,6
16595,2
16908,4
16847,1
432,6
692,3
552,2
16685,2
16338,2
16771,2
16759,2
77,5
357,1
639,1
438,1
98,1
382,1
349,1
455,1
315,1
228,1
222,1
353,1
235,1
407,1
466,1
319,1
705,1
651,1
285,1
237,1
379,1
167,1
262,1
391,1
163,1
361,1
388,1
211,1
180,1
324,1
286,1
162,1
115,1
461,1
344,1
209,1
125,1
178,1
654,1
782,1
128,1
172,1
518,1
311,1
440,1
186,1
214,1
474,1
16936,5
16182,9
16036,9
16471,9
16341,9
16490,9
16046,9
16103,9
54,9
45,9
16687,1
17061,3
16404,6
16535,6
158,3
310,3
16753,9
71,1
66,1
104,1
317,5
499,5
238,5
354,5
194,5
531,5
149,5
444,5
219,5
135,5
316,5
435,5
684,5
16928,2
16476,10
16225,2
16653,2
16930,2
16927,2
16794,2
16610,2
16346,10
16228,10
16693,10
16952,10
16801,10
16356,10
16145,10
16130,10
17022,10
16784,10
16360,10
16311,10
17036,2
16805,10
17058,2
16174,10
16550,8
16602,8
16427,8
532,6
470,6
16545,6
16664,6
16755,6
16527,6
16428,6
16922,6
16339,6
508,6
467,6
253,6
16996,7
16436,7
17066,4
16656,7
16754,6
16461,6
16830,8
16932,9
17011,9
16862,9
16092,9
16934,9
16796,9
16294,9
16548,9
16842,9
17018,9
16397,9
16848,9
17044,9
16115,9
17039,9
16725,9
16898,3
16537,9
16489,2
16513,7
16324,7
16417,7
16166,7
16366,7
16488,7
16322,7
16517,7
17067,2
16070,8
16826,8
16402,8
16466,8
16533,8
16811,1
169,10
170,10
155,10
649,10
714,10
16604,10
501,10
331,10
16761,4
731,8
571,8
236,3
16485,7
16056,8
16518,2
323,7
16051,3
16780,3
16033,3
16853,3
16558,3
16045,3
16040,3
16122,3
16683,3
16065,3
16067,3
16008,3
16071,3
333,3
300,3
16933,4
313,2
131,2
16455,3
16624,3
17041,3
358,3
16578,6
16605,7
16102,9
16400,9
431,9
16694,9
16689,4
16231,6
16748,4
16722,6
658,7
16715,6
761,7
16060,2
620,1
16877,4
514,4
767,10
16237,2
16298,2
16949,7
597,9
16649,7
72,1
68,1
1,1
43,1
24,1
16912,3
17055,2
16820,3
161,2
16769,4
16169,2
16482,2
16368,2
17037,2
453,2
217,2
314,2
673,2
312,1
16351,1
456,4
545,4
766,4
16463,3
309,3
17024,3
491,6
725,1
179,1
394,1
637,1
445,1
16865,1
16282,1
16708,1
16923,1
356,1
16889,4
775,10
78,10
73,10
41,10
74,10
751,10
27,10
16672,1
16840,1
533,1
16839,5
699,2
16984,2
119,6
16926,2
57,3
32,3
16951,2
708,2
740,5
16646,2
774,7
223,7
16787,7
755,3
16789,4
16141,2
16849,2
16833,2
510,6
763,3
678,3
17002,4
546,4
103,4
624,4
473,4
585,4
727,4
690,4
377,4
82,4
269,4
451,4
342,4
16615,9
255,3
778,6
619,3
16728,4
16508,1
16185,1
569,1
17023,1
16137,1
16473,1
16546,1
16514,1
16711,1
16393,1
16992,1
17054,1
17003,1
16673,1
17046,1
16663,1
16562,1
16524,1
16255,1
16151,1
16931,1
16644,1
17014,1
16326,1
16824,1
16449,1
685,1
292,1
777,1
295,1
592,1
374,1
335,1
615,1
509,1
413,1
676,1
16740,4
248,3
434,3
205,3
16522,1
16866,1
16700,1
16795,1
16409,1
16361,1
16452,1
16403,1
16749,1
16688,1
17065,1
16289,1
329,1
520,1
575,1
517,3
16136,7
16975,7
16026,7
16155,7
16838,7
16406,3
16587,3
16712,1
16598,1
16719,5
16258,5
52,3
15999,7
16086,7
16497,7
16335,7
16774,7
16379,7
16218,7
16468,7
16773,7
15998,7
16569,7
16009,7
16015,7
16025,7
16003,7
16005,7
15997,7
16507,7
16750,7
16099,7
16429,7
16388,7
16422,7
16285,7
17060,7
16661,7
16234,7
16674,7
16556,7
168,7
549,7
102,7
198,7
415,7
16268,8
680,1
17073,1
16681,1
16665,1
185,1
16667,1
16638,1
16418,1
16872,1
16439,1
16500,1
16216,1
16859,1
16304,10
16354,10
16362,10
16317,10
527,10
688,10
16510,1
16770,4
16695,4
16064,4
16544,4
16791,6
402,6
16395,6
16203,6
452,6
398,6
16271,6
16288,6
16782,6
16188,6
16208,6
16676,6
17042,6
16988,6
16391,6
16176,6
16325,6
16699,6
16190,6
16999,6
16347,6
16910,6
16619,6
16636,6
16238,6
17010,6
16220,6
16134,6
16432,6
16846,6
17028,6
16907,6
16772,6
650,6
16173,6
16337,6
16446,6
16462,5
88,1
69,1
81,1
34,1
16906,3
16765,4
689,2
247,4
16044,4
643,4
665,4
565,4
489,4
551,4
299,4
21,4
16460,4
16887,4
16039,4
16016,4
16010,4
16019,4
15994,4
16096,4
15991,4
16467,4
16256,4
16954,4
16001,4
16957,4
16011,4
16738,4
16538,4
16622,4
16068,4
16012,4
16994,4
16018,4
15992,4
16817,4
17021,4
17026,4
16209,4
16059,4
16929,4
16125,4
16024,4
16170,4
16900,4
16814,8
327,8
16867,8
16332,8
16503,7
123,7
17015,7
607,7
16739,9
6,6
90,6
718,6
16964,2
16609,1
580,5
129,5
471,5
280,5
289,5
307,5
175,5
640,5
252,5
196,2
246,2
288,10
534,8
776,2
483,1
622,5
429,2
418,2
200,10
153,10
556,2
754,2
586,4
608,2
502,9
376,4
16938,8
16768,8
16659,8
16184,8
17006,8
17025,8
16159,8
16415,8
16217,8
16519,8
318,8
793,8
187,8
16358,7
16648,7
17050,7
16193,7
16407,7
17000,7
16376,7
16775,7
16637,7
771,2
16743,9
113,2
137,2
735,2
251,2
303,2
16246,2
206,2
142,2
109,2
16191,8
16815,4
393,8
16245,8
16885,4
16266,4
642,7
529,7
139,7
16454,2
97,2
91,2
605,10
652,10
613,10
16679,4
17012,4
16318,4
599,3
16998,6
16937,7
16608,10
16543,10
16742,10
16381,10
17038,10
25789,9
25510,9
25367,9
25566,9
25906,9
26065,9
25935,9
25555,9
25785,9
25751,9
25653,9
25600,9
25500,9
25665,9
25773,9
25483,9
25511,9
25955,9
25669,9
25670,9
25782,9
25793,9
26119,9
25838,9
26072,9
25822,9
25870,9
25978,9
25981,9
25689,9
26027,9
25845,9
25995,9
25674,9
25893,9
26147,9
26077,9
25633,9
25770,9
25833,9
26088,9
25686,9
25866,9
26353,9
26262,5
25971,10
25967,3
25998,3
25824,1
26336,1
26410,1
25784,8
25582,8
26423,8
26198,8
26137,9
25747,8
25925,6
25731,10
25391,10
25407,10
25559,10
25650,9
26376,9
25828,9
26273,9
26234,9
25745,9
25964,9
26138,9
26204,9
26146,9
26408,9
26047,9
25608,10
26054,2
26193,2
26213,2
26129,2
26292,2
26018,2
25844,2
26191,4
25881,4
25910,4
25513,8
26140,8
26242,8
26443,8
26388,1
26226,1
26115,1
26161,1
26439,1
26150,1
26155,1
25890,1
26264,1
25911,1
26305,1
26295,1
25991,1
26013,1
25949,1
26421,1
26094,1
25576,1
25909,1
25717,1
25856,1
26265,1
25720,1
25771,1
26051,1
25820,1
25834,1
26249,1
25848,1
25746,1
26270,1
25829,1
26269,1
26392,1
26301,1
26164,1
26393,1
25798,2
26386,8
26407,8
26337,8
25946,8
25923,8
26217,8
26187,8
26261,3
25767,3
25661,3
25584,3
25564,3
25427,3
25825,3
25491,3
25379,3
25422,3
25424,3
25376,3
25409,3
25413,3
25660,3
25481,3
25602,3
25517,3
25414,3
25568,3
25470,3
25479,3
25685,3
25699,3
25736,3
25548,3
25592,3
25641,3
25599,3
26092,3
26105,3
25936,3
25645,3
25758,3
25929,3
26214,3
25950,3
26128,3
25490,3
25643,3
25667,3
26311,3
25428,3
26329,3
26123,3
25455,3
25697,3
25595,3
25956,3
26349,3
25691,3
25766,3
25403,3
25572,3
25436,3
25554,3
26316,3
25499,3
25372,3
26162,3
25523,3
25569,3
25607,3
25676,3
25818,3
25502,3
25671,3
25527,3
25655,3
25797,3
25440,3
25788,3
25461,3
25724,3
25387,3
25623,3
25744,3
25809,3
25742,3
25806,3
25733,3
25634,3
25719,3
25550,3
25529,3
25375,3
25398,3
25904,2
25692,2
25370,2
25917,2
25394,2
25902,2
25389,2
26059,2
25574,10
25912,10
25897,10
25583,10
25420,10
26014,3
25840,3
25476,3
26104,2
26245,2
26309,2
26429,2
26127,2
25987,2
25535,2
26046,2
25804,2
25728,2
26404,9
26409,3
26197,3
26285,2
26141,2
25989,6
25896,6
26437,6
26418,6
25835,7
25637,6
26358,3
25688,3
25943,3
26323,3
26157,3
26182,3
26166,6
25748,4
26281,1
25886,4
26120,4
25727,4
25768,4
25769,4
26290,4
26374,4
26352,4
26322,4
26379,10
26335,10
26103,10
25854,10
25664,10
25456,10
26090,10
25579,10
26288,10
26377,10
25878,10
25538,10
25705,10
25974,10
25487,10
25611,10
25702,10
26003,10
25891,10
26279,10
25405,10
25521,10
25624,10
25415,10
25503,10
26087,10
25775,10
25914,10
26102,10
26036,10
26445,10
25530,10
25752,10
26334,10
25466,10
26154,10
26425,10
26375,10
25570,10
25672,10
25778,10
26382,10
25585,10
25794,10
26121,10
25863,10
25411,10
25516,10
25591,10
26052,10
25639,7
25899,7
25913,7
25690,7
25439,7
25382,7
25772,7
25464,7
25402,7
25450,7
26434,7
25489,7
25465,7
25808,7
25532,7
25859,7
25710,7
25658,10
25556,10
25474,10
25433,10
25553,10
25549,10
25799,10
25830,10
26112,10
26131,10
26229,10
25630,10
25471,10
25443,10
25508,10
25392,10
25444,10
25401,10
25800,10
25675,10
25452,10
25441,10
25425,10
25383,10
25374,10
25386,10
25492,10
26194,10
25485,10
25380,10
25813,10
25388,10
26048,10
25560,10
25916,10
25393,10
25431,10
25652,10
25429,10
26165,5
26062,5
26419,5
26441,5
26227,5
26113,5
26212,5
26340,5
25915,5
26327,5
26258,5
26411,5
25993,5
26291,5
26002,5
25837,5
26399,5
25990,5
26313,5
25494,10
25480,10
25567,3
25573,3
25729,3
25509,3
26345,3
26056,3
26413,3
26307,3
25969,3
25786,3
25712,3
25656,3
25614,3
25668,3
25696,3
25597,3
25714,3
26239,3
25842,3
26178,3
26010,3
25537,3
26231,3
26144,3
26173,3
26100,3
26381,3
26253,4
25849,8
25898,8
25963,4
25606,2
25855,1
25399,10
25565,10
26342,10
25505,10
25526,10
26192,10
26244,10
26149,10
26034,10
25581,10
25430,10
26095,10
25598,10
25460,10
25865,10
26414,10
25495,10
25454,10
26101,10
25504,10
25438,10
25716,10
25459,10
25533,10
26180,10
25756,10
25777,10
25451,10
25435,10
25545,10
26210,10
25381,10
25753,10
25858,10
25385,10
26025,10
25783,10
25497,10
25644,10
26433,10
25469,10
25463,10
25416,10
25968,10
25847,10
26304,10
25741,10
25384,10
26449,10
26346,10
26143,10
25525,10
25478,10
25540,10
25889,10
26319,10
26448,10
26022,10
25636,10
25561,6
26032,10
26306,10
25903,10
26174,10
25941,10
25512,10
25609,10
25698,10
26183,9
26083,9
25908,9
26053,9
26021,9
25475,9
26170,9
25594,2
25945,1
25737,1
26397,1
26089,1
26325,10
25976,10
26159,10
26093,10
26297,10
26363,10
26186,10
26096,10
26338,10
25732,3
25501,2
25578,2
25514,2
26082,2
25999,2
25707,2
26084,2
25412,2
26233,2
25426,2
26202,2
25832,2
26160,2
25975,2
26171,2
26427,2
26330,2
26294,2
26153,2
26383,2
25762,2
25617,2
25868,2
26254,2
26228,2
26243,2
25982,2
25864,2
26298,2
25980,2
25693,2
26145,2
26424,2
26029,2
25919,3
25395,3
25484,3
25397,3
25408,3
25755,3
25421,3
25730,3
25984,3
26252,3
25787,3
25519,3
25940,3
25892,3
25434,3
25366,3
25539,3
25543,3
25918,3
25642,3
26067,3
25759,3
26438,3
25684,3
25663,3
25378,3
26365,3
25857,3
26086,3
25816,3
25445,3
26310,3
26125,3
26043,3
26057,3
26199,3
25482,3
26012,3
25472,3
25448,3
25853,3
25725,3
26360,3
26007,3
25814,3
25792,3
25959,3
25930,3
25723,3
25406,3
25826,3
25462,3
25536,3
25377,3
25588,3
25654,3
25468,3
25371,3
25877,3
25400,3
25432,3
26167,3
26066,3
25953,3
25681,3
26216,3
25640,3
25589,3
25368,3
25635,3
25749,3
25907,3
25390,3
26208,3
25580,3
26080,3
25563,3
25810,3
26201,3
26314,3
26442,3
25520,3
26188,3
25711,3
25951,3
25458,3
25457,3
25437,3
26384,6
26361,6
26045,6
25884,6
26367,6
26401,6
26163,6
26447,6
26055,6
26320,6
26223,7
25869,7
26033,7
26063,7
26152,7
26122,7
26108,7
25852,7
26389,7
26271,7
25796,7
26042,7
26177,2
26289,2
26454,2
25666,2
26331,2
26324,2
26357,2
26130,10
26354,3
26200,2
25622,2
25586,2
26286,6
26237,1
26158,5
26444,5
26256,8
25970,8
26315,8
26371,7
26230,7
25894,7
26207,7
25957,7
26017,7
26008,7
25843,7
26356,7
26321,7
25683,7
25621,7
25880,7
26006,7
25708,7
25496,7
25706,10
26267,10
25739,10
25882,10
25960,10
25679,7
25905,7
25802,7
26359,8
25449,8
26440,8
26369,8
26039,8
26416,8
26023,8
26343,4
26436,4
26260,4
26420,4
25781,7
26074,10
26203,10
25938,10
26326,10
26278,10
25423,10
25418,10
26106,10
25760,10
26116,10
25740,10
25552,10
26135,10
25932,10
26005,10
25846,10
25680,10
26181,10
25620,10
25709,10
26024,10
25875,10
25921,10
25933,10
26037,10
25575,10
25551,10
25518,10
25682,10
26215,1
25862,1
26403,8
26070,8
26044,2
26136,2
26139,1
25876,4
25926,3
25979,3
26251,1
25805,10
26040,5
26299,5
25659,5
25528,5
25812,5
25627,5
25780,5
25972,5
25895,5
26078,2
26110,6
26250,2
26328,7
26071,3
25577,1
25603,1
26458,1
26275,10
25488,1
25735,1
25836,1
26169,4
25612,1
25657,5
26079,2
25507,8
26308,6
26426,2
26206,2
26351,1
26451,1
26026,5
25726,5
25369,3
25542,3
26076,5
25937,1
25997,2
25994,5
25632,1
26142,7
26176,1
25924,1
26405,8
26417,2
25928,2
25646,2
25651,2
26296,2
25547,2
26219,2
26061,2
25841,2
26368,2
26391,2
26081,2
25649,2
26293,2
26370,3
25942,3
25860,3
26124,6
25827,1
26259,1
26348,1
26189,1
26412,1
26398,1
26268,1
26235,1
25961,1
25965,1
26395,1
26347,1
26238,1
25983,1
26185,1
25754,1
25701,1
26280,1
26333,1
26000,1
25879,1
25819,1
25486,1
25871,1
25628,7
26117,7
26266,7
25861,8
26195,8
25922,8
25817,8
25613,8
25944,8
25396,8
25715,8
25626,8
26224,8
26303,8
26372,8
26255,8
26218,3
26277,3
26240,3
26432,3
26015,1
25625,1
25779,10
26380,5
26098,2
26020,2
25873,2
26430,2
26300,2
26156,2
26069,1
25713,3
26126,3
26387,4
25738,10
26097,10
25587,10
25839,10
25764,10
25763,10
25648,10
25958,10
25605,10
26274,10
25954,10
25790,10
26221,10
25546,10
25662,10
26344,10
25872,10
26019,10
26151,10
26302,10
25677,10
26312,6
26031,6
26075,6
25629,6
26284,8
26085,4
25927,6
26396,6
25948,10
25900,2
25673,1
25887,3
26134,3
25700,3
25703,3
26004,3
25694,3
25695,3
26205,3
26422,3
25883,3
25885,3
26030,6
26435,6
25404,6
26049,2
26400,2
25610,2
25562,2
26035,2
26236,2
26247,2
26041,9
26415,9
26091,9
26332,9
26378,1
25947,2
26016,1
25722,9
25986,6
26038,2
25776,3
25541,3
25704,3
26241,3
25687,3
26339,3
26209,3
25757,3
25616,3
26179,3
26283,10
26394,1
26406,4
26001,1
25558,10
25962,2
26468,1
26232,10
25985,10
26111,10
25750,10
25901,10
26132,10
25996,10
26073,10
25952,10
25966,4
26172,2
25601,2
25571,2
26060,2
25446,2
26364,1
26114,4
25453,10
25506,10
26107,10
26099,1
25988,3
26050,3
26272,3
26246,3
26184,3
25931,3
26366,3
26263,3
25596,2
26385,6
26225,1
26148,10
25973,4
26058,1
26402,9
26276,6
26362,6
25593,6
26064,4
25531,4
26028,4
25791,4
25821,4
26196,4
26318,4
25774,4
26222,1
25373,1
25417,1
25522,1
25920,1
25477,1
25888,1
26282,1
25823,1
26211,1
25615,1
25761,1
26317,1
26133,1
26428,1
26168,1
25718,1
25619,1
25473,1
25765,1
25493,1
26118,1
25442,7
25811,4
26248,10
25447,10
26373,1
26011,5
25743,5
25807,5
25874,5
25544,5
25939,5
25534,5
26355,5
25934,5
25524,5
25850,5
25419,5
25515,5
26175,5
25678,5
26220,8
25604,8
25977,8
25831,1
25734,1
25721,1
25638,1
25618,1
25557,1
25992,7
26009,7
25801,2
25815,2
26450,2
26431,2
26109,1
26190,1
26068,1
26390,1
26287,1
26350,1
26257,3
25647,3
25867,3
26341,3
25631,3
25498,3
25795,3
25467,3
25803,3
25410,3
25590,3
